127,5,115,821,171,0,0
8,8,125,8,675,0,1
4,8,88,8,930,0,1
104,8,110,1099,235,0,0
0,8,125,8,0,0,1
53,8,105,532,159,0,0
4,8,119,8,945,0,1
4,8,92,8,885,0,1
0,8,112,8,0,0,1
53,5,101,548,139,0,0
124,8,116,1077,219,0,0
8,8,82,8,758,0,1
8,8,109,8,810,0,1
37,5,117,996,204,0,0
68,8,120,528,238,0,0
4,8,117,8,1500,0,1
47,6,123,1054,253,5,0
121,6,131,1016,217,0,0
64,8,128,1123,152,0,0
103,6,99,1137,223,0,0
8,8,91,8,765,0,1
89,7,107,959,198,8,0
0,8,123,8,0,0,1
58,6,97,1091,203,4,0
70,7,107,828,159,0,0
6,8,128,8,697.5,0,1
76,5,109,925,207,10,0
8,8,116,8,795,0,1
120,6,98,686,212,0,0
48,7,91,1124,174,0,0
10,8,102,8,855,0,1
84,7,109,785,237,0,0
35,5,119,1080,245,0,0
112,6,100,948,139,0,0
38,6,106,1081,239,0,0
42,8,121,963,224,10,0
0,8,115,8,0,0,1
80,7,128,624,181,0,0
0,8,124,8,0,0,1
49,5,132,890,245,8,0
93,5,101,1103,227,0,0
128,6,101,595,247,0,0
35,8,128,977,186,0,0
34,7,114,699,145,7,0
4,8,120,8,1440,0,1
103,6,112,737,238,4,0
57,8,123,556,217,7,0
90,8,138,910,243,0,0
63,5,97,816,189,0,0
0,8,92,8,0,0,1
85,7,135,1075,204,0,0
124,7,116,933,186,8,0
47,6,130,525,199,0,0
111,8,134,707,153,0,0
0,8,112,8,0,0,1
100,5,113,953,190,0,0
8,8,101,8,840,0,1
8,8,105,8,817.5,0,1
0,8,118,8,0,0,1
38,7,102,1052,243,0,0
93,8,134,850,210,0,0
55,8,137,967,145,0,0
4,8,114,8,945,0,1
8,8,136,8,1087.5,0,1
53,8,123,730,171,0,0
4,8,94,8,975,0,1
56,8,92,1069,153,3,0
125,6,113,968,161,6,0
42,7,92,658,250,0,0
111,6,125,569,181,0,0
6,8,123,8,750,0,1
0,8,121,8,0,0,1
64,5,122,783,147,0,0
8,8,92,8,683,0,1
124,7,124,1121,155,0,0
42,6,126,983,165,9,0
84,8,95,569,242,7,0
0,8,139,8,0,0,1
54,7,96,702,190,1,0
34,7,110,1122,178,0,0
33,6,111,662,213,7,0
49,8,104,743,247,9,0
0,8,136,8,0,0,1
8,8,109,8,802.5,0,1
77,6,130,945,234,6,0
8,8,84,8,705,0,1
120,5,103,577,148,0,0
4,8,91,8,915,0,1
8,8,126,8,712.5,0,1
120,7,112,532,240,3,0
4,8,105,8,1500,0,1
58,7,126,860,197,0,0
33,5,111,627,219,0,0
0,8,107,8,0,0,1
87,6,102,635,229,10,0
4,8,104,8,1590,0,1
97,6,121,662,213,0,0
8,8,115,8,795,0,1
4,8,90,8,960,0,1
124,8,103,657,162,0,0
33,7,103,751,247,0,0
8,8,80,8,795,0,1
124,5,115,1078,194,0,0
6,8,125,8,712.5,0,1
108,8,125,998,242,0,0
116,5,112,808,230,2,0
42,6,99,474,202,5,0
4,8,98,8,930,0,1
54,7,121,1097,217,7,0
6,8,92,13,885,0,1
57,6,123,575,159,7,0
109,7,125,995,169,3,0
6,8,93,8,990,0,1
90,6,105,1037,238,0,0
33,6,93,883,188,4,0
4,8,107,8,945,0,1
83,6,94,895,239,0,0
4,8,93,9,945,0,1
0,8,111,8,0,0,1
70,5,103,916,220,2,0
50,8,132,966,139,1,0
8,8,91,8,742.5,0,1
8,8,89,8,803,0,1
0,8,132,8,0,0,1
109,6,102,592,171,0,0
52,7,119,626,171,0,0
99,8,96,751,205,0,0
76,7,129,787,155,0,0
0,8,137,8,0,0,1
8,8,116,8,847.5,0,1
4,8,143,8,870,0,1
10,8,128,8,813.75,0,1
0,8,104,8,0,0,1
4,8,96,8,1560,0,1
121,6,89,731,166,1,0
101,8,115,1067,206,0,0
8,8,84,13,810,0,1
4,8,86,8,1470,0,1
6,8,92,8,960,0,1
38,8,105,817,207,0,0
8,8,118,8,787.5,0,1
10,8,91,8,750,0,1
40,6,98,500,176,3,0
70,6,137,882,140,0,0
129,6,120,528,189,12,0
10,8,131,8,843.75,0,1
8,8,121,8,690,0,1
123,5,118,622,150,7,0
109,6,103,909,213,6,0
6,8,128,8,690,0,1
36,8,92,884,239,0,0
8,8,81,8,750,0,1
0,8,114,8,0,0,1
109,5,119,814,138,0,0
115,8,91,536,189,5,0
100,7,135,1032,161,8,0
48,5,104,499,186,4,0
66,7,94,1023,164,5,0
129,7,124,782,234,0,0
4,8,93,8,1680,0,1
6,8,103,8,832.5,0,1
123,7,100,1106,184,2,0
106,6,108,914,176,6,0
6,8,110,8,817.5,0,1
6,8,118,8,705,0,1
44,6,122,1055,242,0,0
90,6,96,749,236,3,0
112,5,126,970,194,6,0
4,8,111,8,1440,0,1
0,8,106,8,0,0,1
4,8,93,8,870,0,1
36,8,136,605,202,0,0
8,8,121,8,787.5,0,1
109,7,116,694,177,0,0
77,5,126,916,155,0,0
8,8,117,8,727.5,0,1
78,8,130,1016,215,2,0
10,8,128,8,813.75,0,1
10,8,130,8,855,0,1
8,8,117,8,742.5,0,1
43,8,89,779,209,4,0
4,8,83,8,960,0,1
8,8,118,8,712.5,0,1
103,8,105,711,201,11,0
0,8,124,8,0,0,1
33,7,104,1109,151,8,0
37,6,128,849,157,0,0
90,6,114,576,187,0,0
71,6,137,779,226,9,0
41,6,137,987,138,4,0
8,8,84,8,810,0,1
0,8,115,8,0,0,1
38,5,119,766,145,5,0
114,8,129,1003,175,0,0
109,5,129,1126,241,8,0
6,8,85,8,1050,0,1
0,8,102,8,0,0,1
39,5,96,601,139,0,0
4,8,94,8,1680,0,1
8,8,108,8,832.5,0,1
112,6,104,575,243,0,0
6,8,117,8,757.5,0,1
70,8,109,614,211,0,0
60,7,107,573,157,1,0
72,7,126,1095,202,0,0
44,7,108,643,243,2,0
0,8,131,8,0,0,1
8,8,108,8,817.5,0,1
6,8,84,8,975,0,1
8,8,78,43,765,0,1
0,8,109,8,0,0,1
106,7,93,961,207,0,0
57,7,119,869,160,0,0
0,8,129,8,0,0,1
8,8,119,8,802.5,0,1
8,8,114,8,787.5,0,1
83,5,93,642,246,10,0
37,6,95,851,148,3,0
0,8,126,8,0,0,1
4,8,91,8,1530,0,1
64,5,132,619,238,4,0
93,6,93,1104,244,9,0
8,8,121,8,795,0,1
0,8,114,8,0,0,1
98,8,110,815,191,0,0
35,8,89,891,219,0,0
39,8,108,973,247,0,0
129,7,107,968,192,11,0
65,8,108,643,172,0,0
65,8,120,539,194,12,0
89,7,121,559,210,2,0
8,8,88,62,765,0,1
0,8,127,8,0,0,1
6,8,122,8,742.5,0,1
8,8,105,8,780,0,1
6,8,115,8,735,0,1
77,5,128,874,250,0,0
48,8,123,514,243,0,0
0,8,121,8,0,0,1
8,8,82,8,795,0,1
102,7,134,527,215,9,0
42,5,96,660,164,8,0
4,8,129,8,1350,0,1
65,8,105,1126,173,0,0
4,8,103,8,1740,0,1
83,6,138,783,175,11,0
40,5,116,711,222,8,0
0,8,122,32,0,0,1
118,6,127,829,196,6,0
8,8,116,8,817.5,0,1
71,5,138,899,161,7,0
4,8,94,8,1500,0,1
105,5,122,1005,244,0,0
128,5,91,610,160,3,0
121,8,116,575,173,0,0
69,7,121,737,185,1,0
97,7,130,737,197,0,0
68,8,109,905,247,3,0
96,8,117,603,201,0,0
8,8,112,8,787.5,0,1
127,7,122,587,144,4,0
129,8,117,894,227,7,0
0,8,126,8,0,0,1
125,8,119,1052,199,6,0
33,7,92,801,203,0,0
72,5,120,658,161,0,0
59,8,124,656,180,3,0
54,6,100,671,207,2,0
6,8,109,8,705,0,1
62,5,124,1094,194,0,0
97,6,93,768,167,8,0
121,8,122,672,221,0,0
8,8,125,8,697.5,0,1
50,5,97,802,247,0,0
0,8,133,8,0,0,1
103,6,100,598,222,0,0
0,8,120,8,0,0,1
117,7,137,780,164,0,0
6,8,81,48,975,0,1
8,8,102,8,825,0,1
6,8,87,8,1020,0,1
78,8,113,646,204,3,0
13,7,99,1075,198,0,0
8,8,86,106,803,0,1
4,8,100,8,1650,0,1
110,5,126,827,249,0,0
4,8,90,8,1800,0,1
8,8,96,8,743,0,1
4,8,118,8,930,0,1
130,5,97,544,171,0,0
101,7,105,902,181,0,0
79,6,129,969,220,0,0
115,8,102,1079,253,8,0
6,8,119,8,757.5,0,1
45,5,135,649,200,4,0
8,8,89,8,720,0,1
4,8,91,8,1770,0,1
6,8,117,8,780,0,1
67,6,116,1101,176,0,0
81,5,121,1067,146,0,0
0,8,110,8,0,0,1
6,8,102,8,975,0,1
4,8,90,8,945,0,1
0,8,126,8,0,0,1
0,8,135,8,0,0,1
0,8,107,8,0,0,1
0,8,114,8,0,0,1
70,5,114,593,174,4,0
88,5,91,1081,195,0,0
6,8,113,8,802.5,0,1
8,8,83,8,660,0,1
98,8,127,725,186,12,0
77,7,89,1105,186,9,0
6,8,107,8,817.5,0,1
10,8,124,8,761.25,0,1
90,7,110,839,216,0,0
38,5,93,567,200,8,0
76,7,111,1134,246,0,0
105,6,93,908,159,10,0
4,8,86,8,945,0,1
80,5,120,754,182,0,0
125,7,109,785,221,0,0
8,8,85,8,773,0,1
4,8,92,8,810,0,1
91,7,97,515,211,11,0
4,8,92,8,1005,0,1
8,8,90,8,765,0,1
0,8,108,8,0,0,1
6,8,117,8,795,0,1
37,5,90,998,187,1,0
38,7,115,832,186,0,0
54,5,111,726,138,0,0
85,6,115,549,139,0,0
79,8,136,1054,167,0,0
63,8,126,1082,160,4,0
6,8,87,8,1005,0,1
8,8,80,8,810,0,1
108,5,124,1073,159,0,0
41,6,127,604,160,0,0
6,8,103,8,817.5,0,1
0,8,123,8,0,0,1
4,8,89,8,915,0,1
10,8,130,8,840,0,1
0,8,109,8,0,0,1
99,7,126,678,169,0,0
61,8,107,590,178,0,0
74,8,113,881,147,8,0
96,8,101,727,137,0,0
8,8,83,8,758,0,1
68,8,110,694,188,4,0
34,5,99,644,144,0,0
102,7,114,1022,219,0,0
6,8,116,8,727.5,0,1
8,8,101,8,825,0,1
90,7,109,537,203,0,0
4,8,90,8,1650,0,1
10,8,139,8,817.5,0,1
105,7,138,627,188,9,0
51,8,127,899,185,7,0
120,8,101,801,227,3,0
91,6,130,522,233,0,0
8,8,126,8,645,0,1
10,8,127,8,772.5,0,1
8,8,112,8,847.5,0,1
0,8,115,8,0,0,1
112,8,121,696,169,8,0
101,5,122,987,233,0,0
4,8,98,8,900,0,1
68,8,108,711,140,0,0
0,8,112,8,0,0,1
121,5,99,1097,224,1,0
120,7,119,630,193,2,0
6,8,119,8,660,0,1
46,7,134,695,245,5,0
85,7,117,1037,154,3,0
35,8,111,885,154,2,0
88,8,114,1104,217,0,0
0,8,112,8,0,0,1
0,8,129,8,0,0,1
0,8,103,9,0,0,1
65,7,127,614,244,0,0
8,8,87,8,660,0,1
119,5,124,555,156,0,0
4,8,89,8,810,0,1
78,8,134,952,186,13,0
8,8,109,8,870,0,1
120,6,122,769,201,6,0
50,8,99,670,252,0,0
103,5,114,969,245,0,0
4,8,96,8,945,0,1
85,8,90,960,163,3,0
99,6,95,1089,222,0,0
47,6,116,1035,156,1,0
0,8,120,8,0,0,1
4,8,121,8,1560,0,1
52,7,133,1116,240,0,0
91,7,91,824,177,0,0
10,8,92,8,784,0,1
62,5,122,1000,252,6,0
128,7,136,780,205,7,0
63,5,113,649,199,0,0
109,5,101,620,206,2,0
121,6,119,1032,217,3,0
51,5,125,704,177,0,0
72,6,105,656,217,4,0
4,8,83,8,1590,0,1
8,8,133,8,907.5,0,1
127,5,122,569,157,5,0
112,5,131,724,206,2,0
31,8,100,613,231,8,0
52,7,102,760,158,0,0
8,8,122,8,742.5,0,1
0,8,115,8,0,0,1
37,8,108,937,210,0,0
4,8,96,8,870,0,1
41,6,105,730,229,0,0
104,7,109,731,159,0,0
0,8,119,8,0,0,1
116,7,112,702,154,5,0
4,8,85,8,960,0,1
0,8,110,8,0,0,1
74,5,128,1007,196,0,0
93,6,112,850,248,13,0
4,8,91,8,1005,0,1
54,5,113,1058,221,0,0
124,5,90,641,205,0,0
85,5,121,655,190,5,0
8,8,90,8,825,0,1
6,8,125,8,900,0,1
0,8,123,8,0,0,1
6,8,92,54,960,0,1
109,7,94,524,148,0,0
8,8,92,8,743,0,1
4,8,98,8,1740,0,1
4,8,94,8,1650,0,1
71,5,126,834,244,0,0
6,8,95,8,1050,0,1
0,8,120,8,0,0,1
93,6,134,692,160,6,0
41,7,93,623,188,0,0
91,5,94,696,251,5,0
8,8,85,8,660,0,1
54,5,100,1006,176,0,0
0,8,136,8,0,0,1
0,8,121,8,0,0,1
0,8,115,8,0,0,1
116,7,94,861,213,9,0
10,8,128,8,791.25,0,1
57,6,117,582,210,0,0
106,8,107,1021,148,2,0
89,5,101,743,240,9,0
4,8,123,8,1470,0,1
8,8,110,8,787.5,0,1
46,6,95,500,239,4,0
121,5,136,992,171,0,0
4,8,87,8,930,0,1
90,8,89,814,146,0,0
116,7,97,574,225,9,0
8,8,135,8,1072.5,0,1
44,8,98,1122,158,0,0
54,6,102,653,226,7,0
8,8,80,8,788,0,1
10,8,128,8,825,0,1
6,8,113,8,802.5,0,1
101,7,90,910,252,7,0
66,5,133,764,228,5,0
8,8,110,8,795,0,1
35,5,134,850,197,7,0
102,5,100,684,180,0,0
76,8,90,1010,167,9,0
4,8,89,18,975,0,1
8,8,83,8,810,0,1
101,8,131,699,179,5,0
67,5,118,566,239,0,0
96,7,96,765,179,2,0
4,8,91,8,900,0,1
8,8,124,8,765,0,1
64,8,128,1022,167,4,0
74,6,125,1034,212,0,0
101,6,91,634,155,2,0
39,8,134,1058,191,4,0
0,8,108,8,0,0,1
118,5,98,1108,164,0,0
66,7,123,532,143,0,0
0,8,126,8,0,0,1
78,8,89,554,201,0,0
10,8,99,8,840,0,1
109,6,97,574,179,6,0
77,8,107,585,233,0,0
6,8,127,8,660,0,1
69,7,114,997,192,7,0
0,8,106,8,0,0,1
8,8,92,34,773,0,1
8,8,123,8,795,0,1
91,5,104,688,170,0,0
4,8,111,8,1470,0,1
0,8,132,8,0,0,1
123,7,110,1042,184,9,0
6,8,94,22,945,0,1
45,7,118,1021,248,0,0
8,8,121,8,712.5,0,1
79,7,117,584,244,1,0
114,7,89,764,235,0,0
101,6,92,653,233,2,0
74,8,110,1073,189,0,0
85,6,135,819,253,0,0
92,6,99,896,228,0,0
52,7,104,660,167,9,0
33,5,124,822,145,1,0
8,8,136,8,1057.5,0,1
50,6,105,1130,233,10,0
88,6,109,999,181,0,0
0,8,119,8,0,0,1
39,5,136,594,185,10,0
129,7,137,555,230,0,0
8,8,108,8,825,0,1
0,8,127,8,0,0,1
0,8,113,8,0,0,1
54,6,116,1082,199,0,0
10,8,125,8,776.25,0,1
124,6,95,1086,207,6,0
6,8,90,8,960,0,1
0,8,129,8,0,0,1
4,8,131,8,1560,0,1
38,8,117,933,142,10,0
6,8,116,8,712.5,0,1
6,8,89,8,945,0,1
46,9,101,665,249,5,0
4,8,135,8,1350,0,1
52,5,106,861,207,0,0
89,5,137,653,159,3,0
8,8,90,9,773,0,1
37,7,101,1014,238,4,0
0,8,128,8,0,0,1
4,8,118,8,1470,0,1
128,6,100,918,230,0,0
6,8,86,8,1005,0,1
35,5,89,848,178,5,0
4,8,90,8,960,0,1
4,8,86,8,1770,0,1
50,7,122,1133,228,5,0
93,8,96,640,206,0,0
0,8,121,8,0,0,1
4,8,106,8,1470,0,1
78,7,92,788,148,5,0
79,7,136,904,162,0,0
61,7,93,996,176,1,0
41,5,131,658,190,0,0
111,8,129,946,251,0,0
101,8,90,674,137,0,0
65,7,101,1011,141,0,0
101,7,133,741,185,0,0
84,5,125,738,241,0,0
115,6,99,718,184,1,0
0,8,125,8,0,0,1
56,8,138,653,219,0,0
8,8,117,8,787.5,0,1
119,8,92,918,250,0,0
36,7,103,904,253,2,0
0,8,125,8,0,0,1
8,8,84,8,750,0,1
33,5,137,760,221,0,0
10,8,84,8,694,0,1
97,8,105,1007,144,8,0
6,8,112,8,1170,0,1
46,7,89,1014,185,2,0
8,8,86,8,765,0,1
46,8,123,580,199,9,0
125,6,118,926,179,7,0
0,8,113,8,0,0,1
124,5,112,1039,172,11,0
80,5,96,958,152,10,0
45,6,91,943,253,0,0
0,8,104,8,0,0,1
8,8,106,8,810,0,1
49,6,96,644,215,0,0
80,5,100,1032,166,6,0
4,8,86,8,1470,0,1
4,8,84,8,945,0,1
6,8,84,8,945,0,1
4,8,94,8,945,0,1
80,6,95,638,184,0,0
8,8,111,8,765,0,1
0,8,116,8,0,0,1
8,8,119,8,817.5,0,1
69,6,93,598,193,0,0
0,8,111,8,0,0,1
48,7,132,601,155,11,0
58,6,103,702,105,3,0
8,8,91,8,728,0,1
6,8,109,8,787.5,0,1
4,8,127,8,1710,0,1
4,8,91,8,945,0,1
8,8,85,8,780,0,1
60,6,127,815,148,0,0
0,8,135,8,0,0,1
8,8,121,8,712.5,0,1
72,5,98,835,215,11,0
34,5,119,580,230,0,0
42,5,89,947,228,0,0
33,5,97,1069,219,0,0
52,7,99,975,145,5,0
107,5,126,975,244,11,0
8,8,123,8,750,0,1
6,8,115,8,757.5,0,1
112,5,91,519,218,0,0
82,6,116,937,170,6,0
8,8,92,8,810,0,1
4,8,95,8,915,0,1
6,8,122,8,795,0,1
0,8,117,8,0,0,1
6,8,120,8,750,0,1
114,5,107,978,216,0,0
44,8,107,634,253,0,0
8,8,81,8,825,0,1
42,7,95,1100,192,0,0
4,8,92,8,975,0,1
0,8,121,8,0,0,1
6,8,118,8,772.5,0,1
95,6,104,926,139,13,0
6,8,98,8,900,0,1
92,5,103,945,174,8,0
43,5,119,951,250,4,0
0,8,122,8,0,0,1
8,8,106,8,772.5,0,1
10,8,92,8,769,0,1
62,6,128,844,249,13,0
63,8,94,942,189,0,0
0,8,111,8,0,0,1
103,5,111,890,199,0,0
10,8,102,8,840,0,1
108,6,97,1010,248,8,0
6,8,127,8,667.5,0,1
8,8,108,8,810,0,1
4,8,80,8,975,0,1
8,8,113,8,772.5,0,1
58,6,124,922,147,0,0
10,8,99,8,814,0,1
0,8,105,8,0,0,1
101,8,106,854,173,0,0
120,6,105,727,224,4,0
43,6,133,680,178,0,0
44,5,93,542,177,3,0
33,5,111,946,177,7,0
6,8,127,8,915,0,1
4,8,114,8,1530,0,1
43,6,134,790,206,0,0
8,8,118,8,817.5,0,1
41,7,126,702,161,0,0
8,8,107,8,742.5,0,1
49,6,94,626,171,0,0
8,8,114,8,780,0,1
4,8,91,8,1740,0,1
79,8,107,934,168,2,0
0,8,125,8,0,0,1
63,7,114,1069,217,6,0
101,8,112,755,240,0,0
6,8,88,8,930,0,1
73,8,96,947,236,9,0
99,6,122,860,194,0,0
79,5,113,988,218,0,0
0,8,122,8,0,0,1
86,8,97,1056,229,0,0
61,7,134,587,186,10,0
4,8,122,8,930,0,1
6,8,105,8,862.5,0,1
4,8,105,8,825,0,1
77,7,108,1053,143,4,0
8,8,120,8,825,0,1
0,8,107,8,0,0,1
0,8,124,8,0,0,1
8,8,105,8,802.5,0,1
106,8,122,813,218,9,0
38,5,105,878,217,3,0
8,8,114,8,772.5,0,1
6,8,90,8,1005,0,1
0,8,123,8,0,0,1
4,8,86,8,1440,0,1
100,8,116,1041,215,0,0
4,8,87,8,1740,0,1
4,8,113,8,1500,0,1
128,8,90,584,137,0,0
42,6,99,985,143,0,0
116,7,120,952,253,0,0
107,8,134,895,229,0,0
44,7,119,890,159,11,0
126,8,96,636,226,0,0
97,6,93,1035,227,0,0
94,5,107,747,173,9,0
6,8,118,8,675,0,1
113,8,122,1093,173,0,0
119,7,127,769,245,0,0
112,6,117,580,173,0,0
6,8,111,8,720,0,1
80,5,129,1134,169,1,0
83,7,131,1045,244,0,0
8,8,114,8,817.5,0,1
8,8,125,8,712.5,0,1
0,8,127,8,0,0,1
31,5,100,1124,240,0,0
0,8,115,8,0,0,1
0,8,122,8,0,0,1
6,8,124,8,705,0,1
75,8,123,1070,192,0,0
0,8,122,8,0,0,1
100,7,92,1011,242,0,0
99,6,102,1020,234,1,0
85,8,127,1016,187,0,0
108,8,90,1117,231,0,0
8,8,123,8,795,0,1
84,8,109,1081,192,0,0
86,6,105,980,204,0,0
6,8,94,8,870,0,1
6,8,75,8,1020,0,1
44,6,121,790,142,7,0
56,6,95,772,207,0,0
101,7,110,677,200,10,0
0,8,124,8,0,0,1
113,7,96,733,239,0,0
119,5,100,758,138,3,0
64,5,105,940,163,0,0
128,8,135,1108,146,0,0
4,8,89,8,975,0,1
4,8,90,8,915,0,1
8,8,112,8,795,0,1
125,6,108,547,140,7,0
0,8,134,8,0,0,1
36,7,97,861,156,0,0
0,8,128,8,0,0,1
6,8,107,8,780,0,1
59,8,126,712,140,7,0
93,7,122,875,242,3,0
0,8,121,8,0,0,1
65,6,106,1060,238,0,0
8,8,86,8,788,0,1
113,5,124,658,187,8,0
123,8,129,1059,162,11,0
0,8,112,8,0,0,1
8,8,122,8,735,0,1
4,8,90,8,870,0,1
0,8,100,8,0,0,1
37,5,93,555,142,0,0
58,6,126,743,201,0,0
58,6,116,525,137,3,0
94,6,91,686,139,0,0
4,8,112,8,1470,0,1
129,5,114,528,144,5,0
34,6,114,1054,209,0,0
86,7,126,867,174,5,0
33,7,122,863,252,0,0
8,8,83,8,660,0,1
128,5,136,971,172,0,0
0,8,119,8,0,0,1
126,7,127,821,173,0,0
88,8,111,561,168,1,0
47,7,119,783,156,3,0
8,8,102,8,795,0,1
8,8,117,8,780,0,1
72,5,110,980,200,0,0
97,5,101,800,174,0,0
6,8,128,8,915,0,1
0,8,107,8,0,0,1
120,8,93,1070,219,0,0
6,8,81,8,945,0,1
52,5,120,701,241,1,0
0,8,120,8,0,0,1
6,8,115,8,780,0,1
49,7,102,862,231,11,0
94,5,92,1019,191,0,0
51,6,107,817,163,0,0
104,7,110,953,190,0,0
8,8,118,8,765,0,1
75,7,110,718,214,5,0
0,8,117,8,0,0,1
95,7,95,638,235,0,0
8,8,121,8,780,0,1
10,8,99,8,852,0,1
0,8,106,8,0,0,1
0,8,118,8,0,0,1
121,5,110,716,237,0,0
6,8,83,8,960,0,1
0,8,123,8,0,0,1
0,8,107,8,0,0,1
10,8,128,8,783.75,0,1
40,6,96,402,187,4,0
35,8,123,636,180,0,0
4,8,87,8,1005,0,1
4,8,95,8,1410,0,1
76,5,92,1025,182,5,0
43,8,109,972,224,1,0
8,8,97,8,795,0,1
8,8,126,8,660,0,1
6,8,92,8,960,0,1
31,7,106,1034,140,0,0
4,8,128,8,1350,0,1
92,5,125,756,199,0,0
120,6,101,861,185,0,0
98,5,117,978,220,0,0
113,5,137,932,224,0,0
82,7,134,677,234,2,0
112,8,93,1094,173,0,0
92,8,91,597,233,7,0
8,8,112,8,780,0,1
80,8,115,688,248,0,0
0,8,122,8,0,0,1
6,8,93,8,975,0,1
64,8,100,1056,197,4,0
6,8,89,8,1005,0,1
4,8,84,8,915,0,1
4,8,91,8,795,0,1
4,8,116,8,975,0,1
8,8,113,8,825,0,1
4,8,113,8,810,0,1
62,8,130,748,223,0,0
0,8,111,8,0,0,1
69,5,131,543,143,10,0
95,7,97,629,207,2,0
113,7,91,1106,248,1,0
6,8,94,8,900,0,1
8,8,115,8,795,0,1
130,7,135,999,220,12,0
57,6,105,1100,188,7,0
62,7,137,1067,213,0,0
8,8,103,8,825,0,1
58,5,130,604,197,7,0
44,5,133,1052,171,0,0
73,5,102,625,150,0,0
0,8,126,8,0,0,1
6,8,124,8,690,0,1
0,8,130,8,0,0,1
8,8,83,25,795,0,1
113,7,112,1103,200,5,0
42,8,123,944,194,0,0
94,5,95,906,158,3,0
127,5,127,1116,157,6,0
99,5,107,1036,221,1,0
4,8,93,8,900,0,1
84,5,92,663,211,9,0
8,8,85,35,765,0,1
82,8,119,850,139,0,0
8,8,145,8,1072.5,0,1
87,6,108,651,232,0,0
10,8,132,8,836.25,0,1
93,7,111,1108,192,1,0
125,7,127,633,228,9,0
120,7,89,835,218,8,0
94,5,117,538,168,0,0
6,8,105,8,990,0,1
4,8,121,8,825,0,1
8,8,118,8,817.5,0,1
4,8,123,8,1320,0,1
6,8,95,8,975,0,1
115,5,110,1020,235,8,0
32,5,123,895,139,2,0
36,6,129,978,244,5,0
4,8,125,8,1470,0,1
109,6,134,1134,217,0,0
38,5,107,1000,141,0,0
6,8,87,8,1020,0,1
8,8,86,8,713,0,1
122,5,110,844,173,0,0
8,8,106,8,780,0,1
8,8,121,8,720,0,1
122,6,129,705,248,0,0
6,8,89,8,915,0,1
0,8,115,8,0,0,1
100,7,90,1069,208,0,0
75,5,122,582,182,8,0
64,8,111,857,225,1,0
6,8,99,8,1020,0,1
8,8,113,8,802.5,0,1
8,8,91,68,795,0,1
58,7,116,1132,248,0,0
90,6,128,623,234,6,0
78,7,117,1057,184,0,0
8,8,103,8,802.5,0,1
119,7,105,709,237,0,0
0,8,124,8,0,0,1
4,8,122,8,1320,0,1
6,8,93,8,960,0,1
6,8,92,8,1005,0,1
8,8,113,8,810,0,1
130,7,104,1014,230,0,0
74,8,132,587,250,0,0
115,5,99,664,152,0,0
77,5,113,847,186,0,0
4,8,119,8,900,0,1
87,7,89,658,215,0,0
33,5,107,629,175,0,0
4,8,123,8,1470,0,1
63,7,108,986,156,9,0
54,7,123,685,181,5,0
44,6,100,395,275,0,0
10,8,136,8,836.25,0,1
61,8,96,655,252,0,0
96,8,116,868,243,0,0
8,8,124,8,735,0,1
130,8,127,998,214,1,0
4,8,87,8,975,0,1
121,5,107,701,140,0,0
8,8,89,8,773,0,1
8,8,112,8,780,0,1
58,8,117,807,179,9,0
8,8,94,8,780,0,1
4,8,107,8,1560,0,1
4,8,77,8,1035,0,1
0,8,123,8,0,0,1
52,5,104,577,199,0,0
6,8,128,8,750,0,1
85,6,103,850,145,0,0
90,6,124,575,181,0,0
8,8,123,8,802.5,0,1
6,8,82,8,1080,0,1
0,8,111,8,0,0,1
93,5,105,963,214,4,0
0,8,133,8,0,0,1
104,5,124,796,146,9,0
0,8,101,8,0,0,1
6,8,130,8,915,0,1
90,8,118,702,148,7,0
84,8,127,911,196,7,0
0,8,122,8,0,0,1
93,5,134,643,231,10,0
8,8,86,8,608,0,1
61,6,118,545,202,0,0
8,8,136,8,945,0,1
6,8,118,8,690,0,1
4,8,84,8,1005,0,1
6,8,119,8,735,0,1
91,5,94,658,160,8,0
6,8,118,8,780,0,1
106,7,131,839,137,0,0
0,8,124,8,0,0,1
8,8,123,8,787.5,0,1
116,8,96,624,238,0,0
10,8,98,8,837,0,1
4,8,83,8,915,0,1
67,6,132,513,178,0,0
62,7,100,600,190,0,0
130,8,99,812,180,0,0
81,7,104,874,187,0,0
10,8,119,8,735,0,1
107,5,95,811,205,0,0
127,7,121,1014,158,9,0
4,8,118,8,1260,0,1
112,7,135,1014,225,0,0
118,6,101,640,235,1,0
8,8,83,8,750,0,1
98,8,92,762,226,0,0
82,8,91,681,147,0,0
95,8,98,602,246,0,0
75,7,125,1011,163,3,0
46,8,98,783,245,0,0
36,8,92,676,180,10,0
8,8,125,8,645,0,1
33,8,113,586,199,10,0
123,8,124,962,253,9,0
105,5,112,698,164,0,0
0,8,121,8,0,0,1
8,8,90,8,795,0,1
46,7,132,731,145,0,0
67,7,91,629,145,5,0
84,5,118,993,150,9,0
116,6,101,841,234,2,0
8,8,87,8,780,0,1
73,7,137,547,147,5,0
6,8,95,8,900,0,1
83,6,115,1088,162,0,0
69,5,135,578,243,0,0
34,8,116,921,146,0,0
4,8,88,8,1560,0,1
0,8,132,8,0,0,1
68,8,93,646,249,0,0
0,8,120,8,0,0,1
8,8,90,8,803,0,1
70,5,103,897,235,0,0
8,8,113,8,825,0,1
45,7,89,733,203,0,0
110,5,109,821,246,0,0
111,6,107,611,166,5,0
32,6,98,921,161,5,0
4,8,91,8,900,0,1
109,7,107,1005,253,6,0
0,8,120,8,0,0,1
4,8,111,8,930,0,1
0,8,115,8,0,0,1
8,8,84,8,833,0,1
82,5,118,626,157,0,0
102,5,91,594,191,10,0
65,6,132,1056,212,8,0
123,8,137,1046,205,5,0
0,8,111,8,0,0,1
114,8,137,932,181,0,0
0,8,127,8,0,0,1
40,6,134,625,139,6,0
51,5,135,957,239,9,0
109,8,123,1127,179,4,0
81,5,122,915,166,4,0
8,8,93,8,758,0,1
0,8,122,8,0,0,1
112,6,108,978,157,0,0
88,5,120,732,193,9,0
102,8,112,812,175,4,0
4,8,83,8,915,0,1
4,8,84,8,1770,0,1
106,5,112,1008,225,11,0
0,8,116,8,0,0,1
8,8,110,8,780,0,1
93,5,133,561,235,0,0
0,8,116,8,0,0,1
6,8,110,8,772.5,0,1
4,8,118,8,945,0,1
6,8,75,8,1065,0,1
33,8,109,738,175,0,0
72,8,132,897,192,0,0
0,8,112,8,0,0,1
65,6,93,570,139,0,0
42,7,124,1014,223,10,0
93,6,91,748,201,0,0
38,7,98,715,144,1,0
123,7,96,619,170,0,0
8,8,111,8,840,0,1
8,8,92,42,728,0,1
8,8,121,8,825,0,1
0,8,115,8,0,0,1
110,7,106,565,158,12,0
100,8,134,778,228,3,0
0,8,124,8,0,0,1
37,5,124,785,249,0,0
69,7,125,632,238,0,0
80,6,98,1135,247,2,0
0,8,127,8,0,0,1
4,8,123,8,1530,0,1
59,6,123,658,144,4,0
86,6,91,552,234,0,0
52,5,106,999,150,0,0
4,8,93,8,1800,0,1
8,8,139,8,982.5,0,1
0,8,131,8,0,0,1
8,8,131,8,1005,0,1
53,5,111,818,251,0,0
6,8,114,8,810,0,1
0,8,106,8,0,0,1
4,8,133,8,1710,0,1
72,8,113,715,245,6,0
93,7,110,1127,232,4,0
97,7,111,982,157,6,0
31,6,103,1136,163,11,0
0,8,114,8,0,0,1
55,5,119,1025,189,5,0
6,8,89,8,1005,0,1
4,8,92,8,1530,0,1
6,8,115,8,772.5,0,1
78,8,109,533,191,6,0
64,6,120,696,215,0,0
0,8,134,8,0,0,1
6,8,109,8,780,0,1
6,8,115,8,757.5,0,1
40,7,119,794,208,6,0
82,6,103,771,174,1,0
76,8,131,1006,152,1,0
32,5,92,975,246,4,0
6,8,107,8,757.5,0,1
55,6,132,841,249,0,0
41,8,92,679,152,0,0
8,8,124,8,787.5,0,1
0,8,116,8,0,0,1
31,6,132,572,241,0,0
67,5,93,829,199,0,0
8,8,117,8,765,0,1
6,8,94,8,885,0,1
57,8,127,519,141,0,0
90,5,104,865,162,0,0
6,8,83,8,1050,0,1
6,8,124,8,757.5,0,1
130,6,108,864,183,0,0
0,8,115,8,0,0,1
8,8,112,8,810,0,1
53,8,116,927,137,0,0
4,8,79,8,1740,0,1
74,7,127,851,148,0,0
79,6,119,819,146,0,0
6,8,81,8,1020,0,1
4,8,106,8,1560,0,1
114,7,89,720,237,0,0
8,8,113,8,810,0,1
8,8,93,8,788,0,1
56,6,108,1001,202,0,0
8,8,114,8,802.5,0,1
0,8,114,8,0,0,1
8,8,82,8,683,0,1
47,5,110,682,142,0,0
6,8,84,8,930,0,1
6,8,91,8,1050,0,1
0,8,115,8,0,0,1
84,6,107,917,252,0,0
104,7,119,704,196,0,0
36,5,86,441,231,4,0
94,7,138,963,239,0,0
69,5,101,522,151,11,0
8,8,117,8,697.5,0,1
111,7,134,802,223,4,0
87,5,123,617,221,0,0
4,8,76,8,915,0,1
0,8,118,8,0,0,1
6,8,84,8,1020,0,1
0,8,121,8,0,0,1
120,5,137,679,213,9,0
4,8,80,8,1005,0,1
59,6,132,1119,225,0,0
117,7,93,912,153,7,0
58,6,120,845,241,6,0
94,7,92,1066,194,0,0
41,7,104,836,232,0,0
0,8,118,8,0,0,1
0,8,117,8,0,0,1
119,8,133,768,211,0,0
95,6,98,1031,137,2,0
105,6,92,869,151,4,0
40,8,129,1071,198,0,0
0,8,118,8,0,0,1
0,8,128,8,0,0,1
128,7,104,769,182,0,0
126,6,99,927,192,4,0
8,8,110,8,750,0,1
126,5,137,1029,139,7,0
120,5,96,602,161,0,0
79,8,114,763,219,0,0
123,6,110,1033,221,0,0
31,7,109,585,249,11,0
4,8,89,8,1800,0,1
8,8,120,8,727.5,0,1
6,8,109,8,735,0,1
8,8,110,8,735,0,1
51,8,136,597,140,0,0
105,6,122,871,174,3,0
0,8,113,22,0,0,1
8,8,85,38,803,0,1
8,8,125,8,757.5,0,1
0,8,110,8,0,0,1
10,8,127,8,843.75,0,1
6,8,94,8,1050,0,1
0,8,124,8,0,0,1
8,8,111,8,825,0,1
4,8,98,8,1380,0,1
0,8,126,8,0,0,1
4,8,78,8,930,0,1
8,8,123,8,772.5,0,1
57,8,121,991,217,0,0
105,5,131,942,218,3,0
0,8,125,8,0,0,1
8,8,104,8,840,0,1
85,7,132,1057,215,4,0
4,8,93,8,1650,0,1
6,8,116,8,772.5,0,1
6,8,75,8,1035,0,1
84,8,137,888,156,0,0
68,5,100,756,162,0,0
85,7,110,891,203,0,0
6,8,91,8,975,0,1
8,8,111,8,795,0,1
76,6,138,912,217,0,0
8,8,106,8,825,0,1
104,8,119,1026,214,7,0
75,8,120,754,220,5,0
69,7,93,946,169,0,0
110,7,124,824,234,0,0
10,8,99,8,807,0,1
77,7,134,757,225,9,0
4,8,93,8,1620,0,1
0,8,110,8,0,0,1
34,5,112,385,286,14,0
0,8,115,8,0,0,1
10,8,96,8,792,0,1
123,6,99,876,160,0,0
81,7,94,582,203,10,0
8,8,118,8,810,0,1
92,7,125,941,234,9,0
4,8,82,8,975,0,1
51,5,137,1002,168,7,0
0,8,125,8,0,0,1
84,5,118,532,223,9,0
108,8,91,1026,183,5,0
82,8,110,966,155,0,0
0,8,107,8,0,0,1
4,8,110,8,930,0,1
8,8,123,8,750,0,1
99,5,134,1079,233,9,0
58,7,93,740,154,0,0
6,8,87,8,1050,0,1
6,8,121,8,915,0,1
4,8,80,8,990,0,1
35,6,90,684,247,1,0
4,8,86,8,930,0,1
42,5,99,772,215,10,0
87,8,128,1136,234,0,0
6,8,117,8,765,0,1
6,8,91,11,915,0,1
86,5,135,1124,168,5,0
64,6,89,677,203,8,0
4,8,99,8,1830,0,1
4,8,113,8,1500,0,1
99,7,96,977,181,6,0
6,8,86,8,1005,0,1
86,5,112,814,169,0,0
97,5,111,723,206,2,0
4,8,98,8,855,0,1
8,8,117,8,810,0,1
58,5,113,1061,175,0,0
55,8,118,986,245,0,0
0,8,119,8,0,0,1
82,8,101,1070,215,0,0
10,8,130,8,791.25,0,1
109,6,130,926,176,0,0
119,5,138,846,230,11,0
8,8,117,8,757.5,0,1
8,8,125,8,750,0,1
8,8,87,47,660,0,1
10,8,104,8,863,0,1
35,8,99,999,240,0,0
4,8,81,8,1620,0,1
8,8,120,8,712.5,0,1
8,8,119,8,795,0,1
0,8,122,8,0,0,1
10,8,133,8,825,0,1
8,8,116,8,772.5,0,1
0,8,119,8,0,0,1
6,8,130,8,682.5,0,1
0,8,106,8,0,0,1
45,5,110,1131,247,0,0
53,6,110,911,238,8,0
4,8,114,8,1560,0,1
8,8,108,8,855,0,1
8,8,138,8,978.75,0,1
74,5,122,1124,157,0,0
81,7,126,1101,244,0,0
10,8,127,8,806.25,0,1
4,8,120,8,1560,0,1
126,8,102,1054,159,0,0
6,8,82,8,930,0,1
78,5,117,972,155,11,0
6,8,121,8,675,0,1
60,8,127,955,153,0,0
0,8,116,8,0,0,1
54,8,128,766,160,0,0
116,7,106,689,218,0,0
6,8,92,8,1020,0,1
104,6,108,574,197,0,0
10,8,104,8,829,0,1
110,7,130,953,146,9,0
104,5,110,595,158,9,0
102,6,136,669,193,8,0
96,6,125,558,203,0,0
0,8,132,8,0,0,1
34,7,109,739,210,0,0
0,8,111,8,0,0,1
0,8,133,8,0,0,1
55,8,116,826,192,0,0
80,8,128,815,201,0,0
41,7,138,597,182,8,0
69,5,134,707,221,0,0
10,8,135,8,806.25,0,1
78,7,90,921,180,0,0
107,8,90,845,153,5,0
77,7,130,1037,192,6,0
4,8,96,8,990,0,1
4,8,87,8,1740,0,1
62,6,131,941,157,0,0
118,6,125,1081,171,0,0
6,8,85,8,975,0,1
8,8,126,8,757.5,0,1
75,5,134,960,144,0,0
68,5,126,636,192,8,0
8,8,113,8,825,0,1
4,8,95,8,945,0,1
83,7,135,1032,150,4,0
116,5,123,775,144,0,0
44,6,112,1127,154,0,0
40,6,94,442,242,2,0
77,6,125,1071,148,0,0
8,8,125,8,675,0,1
0,8,113,8,0,0,1
31,7,91,667,247,0,0
0,8,129,8,0,0,1
8,8,110,8,810,0,1
0,8,116,8,0,0,1
121,6,127,787,141,9,0
74,7,107,1069,184,0,0
0,8,113,8,0,0,1
127,7,108,845,234,2,0
121,8,91,782,158,0,0
112,5,102,762,189,0,0
40,6,99,450,221,4,0
0,8,123,8,0,0,1
0,8,108,8,0,0,1
117,7,126,624,174,0,0
45,5,117,1046,169,2,0
37,6,121,826,171,0,0
0,8,127,8,0,0,1
75,8,113,732,172,1,0
72,7,97,1005,239,1,0
61,5,94,1130,178,0,0
8,8,114,8,802.5,0,1
113,8,109,581,164,3,0
8,8,108,8,772.5,0,1
111,7,138,813,236,9,0
73,5,105,693,152,0,0
32,7,76,541,164,1,0
6,8,118,8,757.5,0,1
124,5,95,673,213,4,0
6,8,75,8,990,0,1
50,7,91,524,215,7,0
58,6,126,1084,233,0,0
0,8,124,8,0,0,1
128,8,136,1097,244,1,0
42,7,98,843,234,6,0
8,8,87,8,810,0,1
0,8,112,8,0,0,1
6,8,95,8,945,0,1
129,8,117,604,249,0,0
0,8,130,8,0,0,1
111,5,128,528,188,0,0
54,6,105,751,142,0,0
8,8,119,8,645,0,1
6,8,113,8,795,0,1
62,8,131,1093,204,9,0
6,8,91,8,990,0,1
6,8,115,8,675,0,1
8,8,115,8,697.5,0,1
8,8,125,8,817.5,0,1
4,8,92,8,930,0,1
80,8,130,841,174,1,0
0,8,116,8,0,0,1
4,8,100,8,900,0,1
60,6,130,818,185,12,0
95,6,98,1066,153,0,0
0,8,117,8,0,0,1
8,8,118,8,720,0,1
124,6,90,894,161,0,0
40,5,119,832,205,0,0
76,6,107,848,192,7,0
10,8,93,30,780,0,1
78,5,134,807,242,0,0
61,8,116,990,179,0,0
8,8,84,8,788,0,1
46,5,102,871,167,9,0
8,8,120,8,757.5,0,1
100,6,113,963,183,0,0
76,7,136,698,175,0,0
46,7,132,872,212,0,0
88,6,112,519,198,0,0
0,8,108,8,0,0,1
6,8,89,8,960,0,1
67,6,93,995,220,0,0
103,5,109,1130,252,3,0
8,8,116,8,787.5,0,1
45,5,105,695,137,0,0
106,7,102,983,184,0,0
128,7,135,930,176,0,0
82,8,133,1014,251,0,0
99,8,137,931,163,1,0
124,5,120,521,154,6,0
81,8,124,919,241,0,0
0,8,110,8,0,0,1
84,5,101,835,217,0,0
110,7,89,874,240,11,0
4,8,133,8,1380,0,1
6,8,119,8,667.5,0,1
6,8,113,8,780,0,1
99,5,102,1015,206,0,0
78,8,118,742,144,6,0
8,8,117,8,757.5,0,1
4,8,91,8,915,0,1
4,8,94,8,885,0,1
4,8,95,8,1560,0,1
6,8,110,8,735,0,1
10,8,130,8,810,0,1
69,5,115,1033,157,0,0
6,8,79,10,1080,0,1
6,8,113,8,727.5,0,1
64,6,115,1070,175,0,0
82,6,101,900,171,0,0
115,7,122,820,222,0,0
58,5,130,720,146,0,0
4,8,91,8,945,0,1
46,6,106,783,223,0,0
8,8,124,8,727.5,0,1
105,8,97,637,200,0,0
8,8,120,8,697.5,0,1
107,6,132,813,177,0,0
78,5,101,525,218,0,0
40,6,111,1034,224,8,0
46,8,134,1049,211,0,0
6,8,82,8,975,0,1
0,8,129,8,0,0,1
62,5,96,601,176,0,0
96,7,90,971,249,0,0
36,8,98,632,246,0,0
122,8,136,559,239,0,0
10,8,95,8,803,0,1
10,8,100,8,855,0,1
4,8,124,8,840,0,1
36,5,136,741,209,0,0
34,6,91,545,270,3,0
8,8,98,8,788,0,1
6,8,121,8,727.5,0,1
6,8,121,8,712.5,0,1
4,8,98,8,1770,0,1
0,8,116,8,0,0,1
4,8,92,8,1620,0,1
77,7,132,726,160,0,0
76,5,108,853,177,0,0
98,7,97,523,179,4,0
107,7,93,927,221,0,0
8,8,114,8,735,0,1
128,6,110,958,222,5,0
69,8,116,560,183,8,0
47,5,135,858,251,7,0
119,8,95,776,240,0,0
70,6,129,1038,204,6,0
110,7,126,995,233,0,0
88,8,128,601,204,6,0
106,6,98,955,188,1,0
8,8,78,8,788,0,1
0,8,116,8,0,0,1
32,6,137,678,202,3,0
88,8,120,633,193,0,0
10,8,133,8,885,0,1
56,5,90,935,242,1,0
4,8,122,8,1680,0,1
0,8,131,8,0,0,1
0,8,122,8,0,0,1
8,8,118,8,652.5,0,1
0,8,111,8,0,0,1
8,8,121,8,810,0,1
35,6,123,737,200,11,0
0,8,117,8,0,0,1
8,8,95,8,818,0,1
6,8,87,8,900,0,1
8,8,76,8,818,0,1
8,8,121,8,795,0,1
8,8,114,8,772.5,0,1
104,5,135,1130,207,0,0
6,8,82,8,945,0,1
0,8,121,8,0,0,1
105,6,97,594,245,0,0
8,8,120,8,772.5,0,1
0,8,113,8,0,0,1
6,8,130,8,690,0,1
32,8,133,550,248,1,0
48,5,127,677,180,0,0
109,5,112,534,144,1,0
86,8,132,1002,202,0,0
58,8,134,898,229,10,0
0,8,113,8,0,0,1
0,8,123,8,0,0,1
0,8,108,8,0,0,1
69,8,99,890,193,0,0
37,8,134,1074,191,3,0
96,7,110,886,188,0,0
4,8,85,8,945,0,1
0,8,122,8,0,0,1
0,8,100,8,0,0,1
4,8,121,8,1440,0,1
0,8,127,8,0,0,1
42,5,137,595,244,5,0
57,6,138,1088,166,0,0
31,6,126,1056,144,0,0
8,8,87,8,780,0,1
109,5,102,1128,158,0,0
0,8,108,8,0,0,1
4,8,110,8,810,0,1
99,7,103,942,211,2,0
84,5,138,520,140,0,0
8,8,83,8,803,0,1
8,8,84,57,675,0,1
47,8,110,1114,209,0,0
4,8,89,22,1830,0,1
118,6,105,869,162,8,0
4,8,99,8,960,0,1
8,8,111,8,802.5,0,1
50,8,94,522,180,0,0
48,7,132,898,150,9,0
0,8,120,8,0,0,1
8,8,118,8,810,0,1
6,8,107,8,750,0,1
84,5,92,645,248,0,0
90,6,138,855,139,0,0
8,8,117,8,825,0,1
8,8,110,8,780,0,1
48,7,114,764,136,7,0
77,5,92,590,237,0,0
121,7,133,565,194,0,0
0,8,107,8,0,0,1
102,8,118,752,225,0,0
96,5,130,724,161,0,0
121,8,138,1125,249,5,0
40,8,108,1008,148,0,0
72,7,137,550,202,4,0
92,6,106,1013,178,1,0
4,8,111,8,1470,0,1
86,5,126,615,207,0,0
4,8,96,8,840,0,1
129,5,114,876,245,0,0
99,6,121,1060,206,7,0
32,8,134,992,151,2,0
8,8,121,8,780,0,1
104,6,99,550,151,0,0
8,8,119,8,765,0,1
8,8,113,8,802.5,0,1
33,8,119,771,159,5,0
6,8,97,8,975,0,1
61,5,117,865,249,0,0
0,8,143,8,0,0,1
6,8,108,8,787.5,0,1
70,7,129,1124,208,0,0
8,8,139,8,1095,0,1
36,7,138,1008,150,0,0
74,8,108,1050,248,11,0
0,8,112,8,0,0,1
0,8,126,8,0,0,1
123,8,127,937,246,0,0
83,5,110,634,162,0,0
8,8,118,8,780,0,1
34,8,100,573,202,8,0
92,6,98,645,187,0,0
50,7,128,822,248,0,0
78,8,131,676,231,9,0
8,8,119,8,817.5,0,1
90,5,115,661,208,0,0
8,8,127,8,645,0,1
99,5,93,1126,249,0,0
42,8,112,725,179,3,0
57,7,125,972,137,1,0
0,8,121,8,0,0,1
103,6,110,739,231,12,0
41,5,122,1076,140,0,0
47,6,128,514,249,8,0
6,8,85,8,1005,0,1
10,8,129,8,836.25,0,1
38,8,120,858,205,0,0
8,8,98,8,795,0,1
110,7,124,1092,237,0,0
34,6,111,790,239,0,0
0,8,110,8,0,0,1
40,8,90,857,196,0,0
105,5,125,700,245,8,0
8,8,124,8,795,0,1
74,8,117,619,204,9,0
105,8,120,1048,139,7,0
0,8,106,8,0,0,1
40,5,132,637,235,0,0
79,5,116,887,181,0,0
68,8,108,790,246,0,0
6,8,122,8,667.5,0,1
6,8,92,8,975,0,1
8,8,116,8,840,0,1
75,6,91,821,234,1,0
71,8,89,777,154,0,0
0,8,122,8,0,0,1
8,8,124,8,705,0,1
0,8,134,8,0,0,1
51,7,138,1066,210,9,0
84,8,120,985,240,6,0
8,8,86,33,810,0,1
6,8,110,8,772.5,0,1
90,6,102,1103,185,0,0
37,6,114,547,243,8,0
0,8,114,8,0,0,1
8,8,97,8,795,0,1
6,8,67,8,960,0,1
6,8,89,8,915,0,1
42,5,124,653,148,11,0
0,8,109,8,0,0,1
36,7,96,657,222,0,0
32,6,121,1127,147,0,0
53,7,110,887,245,1,0
6,8,128,8,705,0,1
0,8,321,17,0,0,1
101,6,121,619,224,0,0
4,8,85,8,930,0,1
108,6,100,692,218,0,0
0,8,107,8,0,0,1
10,8,134,8,851.25,0,1
119,5,108,588,194,6,0
110,7,90,773,253,4,0
31,8,90,999,212,8,0
4,8,99,8,930,0,1
34,7,116,654,247,0,0
8,8,120,8,817.5,0,1
78,7,100,1087,138,1,0
97,7,132,1052,193,7,0
112,5,124,787,235,0,0
4,8,87,8,1830,0,1
8,8,89,54,630,0,1
8,8,91,296,743,0,1
125,8,106,643,240,8,0
65,7,113,922,150,0,0
4,8,106,8,1020,0,1
6,8,79,8,960,0,1
73,6,126,714,163,0,0
0,8,121,8,0,0,1
10,8,134,8,866.25,0,1
4,8,92,8,930,0,1
52,6,100,999,203,10,0
105,7,130,576,146,0,0
8,8,120,8,712.5,0,1
92,7,118,1064,197,0,0
8,8,83,8,758,0,1
47,5,131,631,195,0,0
6,8,112,8,802.5,0,1
0,8,116,8,0,0,1
68,5,101,963,212,0,0
0,8,119,8,0,0,1
46,8,103,691,138,0,0
4,8,117,8,930,0,1
104,7,110,596,170,6,0
61,6,128,571,144,2,0
102,5,136,876,237,10,0
94,7,130,728,214,0,0
0,8,110,8,0,0,1
42,6,108,1093,163,0,0
57,5,124,963,175,1,0
105,7,103,611,169,4,0
73,6,96,992,217,9,0
115,6,138,782,202,6,0
8,8,123,8,735,0,1
6,8,93,8,990,0,1
0,8,131,8,0,0,1
4,8,92,8,1590,0,1
85,8,117,1122,193,1,0
6,8,90,8,990,0,1
8,8,96,33,765,0,1
38,6,112,740,205,0,0
111,7,90,998,247,0,0
8,8,105,8,855,0,1
8,8,119,8,780,0,1
8,8,102,8,825,0,1
107,8,132,609,204,0,0
8,8,114,8,825,0,1
0,8,106,8,0,0,1
0,8,112,8,0,0,1
4,8,121,8,975,0,1
59,5,131,1032,190,0,0
53,6,123,605,220,2,0
85,7,109,1098,203,8,0
8,8,109,8,832.5,0,1
42,8,90,567,58,5,0
0,8,118,8,0,0,1
51,7,113,1003,223,11,0
0,8,114,8,0,0,1
8,8,92,23,825,0,1
0,8,126,8,0,0,1
106,8,132,883,169,0,0
4,8,112,8,795,0,1
109,5,94,681,187,0,0
0,8,123,8,0,0,1
87,6,103,1124,180,0,0
33,7,133,660,253,13,0
34,6,104,1102,153,0,0
6,8,101,8,780,0,1
6,8,115,8,712.5,0,1
38,6,94,956,159,0,0
4,8,96,8,945,0,1
6,8,89,8,1035,0,1
6,8,84,8,1050,0,1
122,6,126,764,153,0,0
116,7,89,814,234,0,0
8,8,103,8,817.5,0,1
8,8,97,8,780,0,1
0,8,92,8,0,0,1
84,6,118,559,203,5,0
104,6,116,868,243,0,0
4,8,85,8,900,0,1
62,6,118,722,163,0,0
40,5,96,751,180,2,0
56,5,138,610,178,0,0
6,8,120,8,720,0,1
109,7,97,870,163,0,0
10,8,135,8,843.75,0,1
0,8,135,8,0,0,1
4,8,119,8,1410,0,1
0,8,120,8,0,0,1
87,8,101,560,209,0,0
100,8,106,973,175,10,0
4,8,94,8,930,0,1
0,8,121,8,0,0,1
91,7,103,1019,147,4,0
55,6,95,533,202,0,0
42,8,120,972,195,0,0
66,7,128,1058,227,0,0
10,8,100,8,852,0,1
92,7,90,679,147,3,0
6,8,125,16,720,0,1
79,8,106,1106,139,0,0
69,5,134,703,219,0,0
4,8,98,8,885,0,1
120,6,95,1047,228,2,0
96,7,131,878,252,10,0
4,8,96,8,1590,0,1
8,8,118,8,810,0,1
50,8,110,1044,215,2,0
4,8,86,8,945,0,1
4,8,91,8,855,0,1
6,8,126,8,750,0,1
6,8,113,8,772.5,0,1
82,7,114,834,214,0,0
83,6,113,928,199,0,0
45,6,95,1118,244,6,0
0,8,334,8,0,0,1
64,6,127,561,165,10,0
120,8,101,1084,222,10,0
8,8,114,8,795,0,1
0,8,115,8,0,0,1
52,8,117,1064,150,1,0
86,8,113,997,157,4,0
8,8,88,8,743,0,1
0,8,131,8,0,0,1
0,8,115,8,0,0,1
84,7,89,798,149,11,0
10,8,131,8,873.75,0,1
6,8,96,8,1125,0,1
4,8,105,8,1710,0,1
0,8,123,8,0,0,1
47,6,109,634,194,1,0
10,8,101,8,882,0,1
4,8,127,8,1410,0,1
6,8,78,8,1035,0,1
6,8,119,8,780,0,1
128,8,100,778,212,3,0
6,8,112,8,757.5,0,1
110,8,115,862,144,10,0
4,8,94,8,975,0,1
37,5,136,989,251,10,0
46,6,91,1044,195,11,0
61,5,104,823,187,0,0
65,8,117,921,212,0,0
68,6,109,911,204,12,0
103,6,113,528,239,0,0
8,8,119,8,810,0,1
8,8,82,8,705,0,1
80,5,109,619,248,0,0
8,8,123,8,825,0,1
8,8,108,8,787.5,0,1
31,5,125,885,177,0,0
32,7,99,1020,138,11,0
0,8,112,8,0,0,1
59,8,123,850,170,1,0
108,6,95,743,236,9,0
86,5,126,993,238,6,0
74,8,112,799,230,0,0
0,8,123,8,0,0,1
4,8,106,8,1740,0,1
108,8,121,556,187,0,0
84,5,103,932,137,6,0
8,8,116,8,802.5,0,1
122,7,113,756,237,1,0
0,8,122,8,0,0,1
92,6,138,993,202,5,0
6,8,120,8,772.5,0,1
6,8,125,8,750,0,1
91,6,102,880,208,4,0
70,6,137,736,161,0,0
109,7,125,583,221,0,0
64,6,115,1106,244,0,0
4,8,127,8,1260,0,1
64,7,125,688,162,12,0
0,8,108,8,0,0,1
69,6,131,1101,154,0,0
122,7,120,728,235,0,0
4,8,92,12,930,0,1
86,5,95,1024,190,7,0
8,8,114,8,712.5,0,1
4,8,82,8,930,0,1
86,8,115,763,235,8,0
130,6,97,1103,232,0,0
83,7,131,863,174,8,0
61,8,116,1004,246,9,0
122,6,107,676,145,0,0
8,8,120,13,615,0,1
112,7,132,1114,184,0,0
101,7,91,655,144,0,0
116,7,133,700,137,0,0
8,8,127,8,690,0,1
10,8,94,20,795,0,1
54,8,95,775,184,0,0
83,5,108,609,162,0,0
0,8,123,8,0,0,1
4,8,71,8,1020,0,1
0,8,121,8,0,0,1
0,8,135,8,0,0,1
79,5,124,873,172,13,0
8,8,112,8,817.5,0,1
43,7,89,641,225,0,0
78,5,125,646,247,0,0
8,8,106,8,795,0,1
6,8,112,8,757.5,0,1
6,8,95,8,900,0,1
65,6,127,957,209,0,0
8,8,123,8,802.5,0,1
6,8,101,8,1095,0,1
8,8,89,8,683,0,1
6,8,123,8,772.5,0,1
10,8,96,8,818,0,1
10,8,133,8,828.75,0,1
118,6,123,1002,203,8,0
8,8,125,8,780,0,1
8,8,103,8,825,0,1
0,8,126,8,0,0,1
6,8,80,8,1065,0,1
0,8,120,8,0,0,1
4,8,86,8,1740,0,1
68,5,118,861,164,4,0
118,5,93,515,148,0,0
124,7,116,735,230,0,0
42,6,110,496,208,7,0
6,8,85,8,930,0,1
108,6,114,1119,164,0,0
56,7,99,906,241,0,0
8,8,122,8,795,0,1
34,5,131,1126,229,0,0
8,8,83,8,743,0,1
61,6,100,586,235,0,0
8,8,87,8,758,0,1
41,6,97,965,195,0,0
60,8,127,1129,226,0,0
10,8,131,8,825,0,1
8,8,87,8,683,0,1
42,8,115,992,190,10,0
77,5,131,720,183,9,0
56,7,121,715,163,0,0
8,8,119,8,780,0,1
0,8,111,8,0,0,1
4,8,126,8,1740,0,1
96,7,107,978,175,9,0
8,8,113,8,817.5,0,1
0,8,127,8,0,0,1
6,8,111,8,757.5,0,1
67,8,93,520,242,0,0
80,5,99,869,189,6,0
0,8,124,8,0,0,1
106,6,119,785,207,0,0
124,8,134,1037,217,0,0
4,8,84,8,1710,0,1
4,8,89,8,1590,0,1
129,7,90,638,196,0,0
4,8,107,8,975,0,1
63,5,112,606,234,0,0
47,5,127,800,209,0,0
0,8,126,8,0,0,1
10,8,133,8,847.5,0,1
8,8,131,8,990,0,1
125,5,136,579,176,4,0
0,8,129,8,0,0,1
70,7,133,919,150,5,0
49,8,131,713,137,6,0
89,6,127,888,245,1,0
69,5,96,544,143,9,0
125,8,99,577,227,0,0
90,5,108,838,160,0,0
107,5,91,725,154,0,0
36,7,95,967,190,5,0
4,8,112,8,1320,0,1
6,8,97,8,1005,0,1
68,6,96,777,235,0,0
68,7,130,514,159,6,0
8,8,105,8,795,0,1
8,8,110,8,802.5,0,1
8,8,127,8,952.5,0,1
47,6,131,921,252,0,0
111,8,120,922,143,8,0
4,8,126,8,1320,0,1
89,8,94,822,149,0,0
0,8,339,8,0,0,1
58,7,106,838,210,0,0
61,6,122,749,198,0,0
8,8,111,8,802.5,0,1
105,8,97,1130,241,0,0
103,6,101,609,216,6,0
109,8,104,737,170,0,0
79,7,97,1029,150,2,0
6,8,101,8,1125,0,1
106,7,92,1136,220,0,0
8,8,92,26,795,0,1
6,8,95,31,915,0,1
6,8,118,8,780,0,1
92,8,138,992,142,3,0
8,8,120,8,780,0,1
6,8,108,8,727.5,0,1
31,7,89,672,237,0,0
4,8,114,8,960,0,1