2,3,30,3,720,0,1
14,2,26,213,122,3,0
0,3,30,3,0,0,1
0,3,33,3,0,0,1
2,3,29,3,600,0,1
19,2,33,231,87,0,0
9,2,26,186,261,3,0
17,2,38,219,113,0,0
2,3,29,3,540,0,1
0,3,32,3,0,0,1
2,3,34,3,570,0,1
2,3,30,3,600,0,1
0,3,26,3,0,0,1
20,2,25,158,235,3,0
20,2,23,227,251,0,0
2,3,29,62,510,0,1
20,2,37,155,236,0,0
16,2,31,185,190,0,0
0,3,28,3,0,0,1
14,2,40,164,256,0,0
15,2,35,150,184,3,0
13,2,24,165,100,0,0
0,3,28,3,0,0,1
10,2,40,145,146,0,0
0,3,26,3,0,0,1
21,2,40,145,122,0,0
2,3,26,3,600,0,1
2,3,26,3,540,0,1
18,2,42,132,79,0,0
2,3,25,63,540,0,1
0,3,31,3,0,0,1
0,3,27,3,0,0,1
19,2,24,197,163,0,0
24,2,28,117,173,0,0
0,3,27,3,0,0,1
2,3,25,3,510,0,1
22,2,21,133,84,2,0
2,3,29,3,510,0,1
0,3,30,3,0,0,1
0,3,28,3,0,0,1
0,3,28,3,0,0,1
0,3,34,3,0,0,1
0,3,30,3,0,0,1
11,2,23,230,242,0,0
2,3,33,3,990,0,1
20,2,29,119,87,0,0
13,2,36,175,253,0,0
0,3,33,10,0,0,1
16,2,37,211,219,0,0
15,2,20,183,249,0,0
11,2,25,151,101,0,0
17,2,28,235,157,0,0
2,3,31,3,570,0,1
2,3,29,3,570,0,1
2,3,26,3,750,0,1
18,2,41,232,145,0,0
23,2,37,132,98,0,0
0,3,22,3,0,0,1
0,3,29,3,0,0,1
9,2,40,116,127,0,0
9,2,41,233,147,0,0
0,3,28,3,0,0,1
13,2,35,225,126,0,0
0,3,24,3,0,0,1
22,2,31,128,178,0,0
20,2,29,154,87,2,0
18,2,41,206,171,0,0
17,2,30,182,183,0,0
17,2,34,212,113,0,0
0,3,28,4,0,0,1
2,3,33,3,540,0,1
10,2,25,189,233,2,0
0,3,28,3,0,0,1
0,3,27,3,0,0,1
2,3,30,3,510,0,1
0,3,29,3,0,0,1
17,2,37,166,96,0,0
25,2,22,232,101,0,0
19,2,42,139,136,0,0
6,2,26,125,360,0,0
17,2,32,191,186,2,0
2,3,34,3,570,0,1
11,2,37,213,136,1,0
17,2,23,128,117,0,0
16,2,29,180,171,0,0
14,2,30,201,201,0,0
23,2,42,114,276,0,0
21,2,37,114,117,0,0
0,3,30,3,0,0,1
2,3,31,3,600,0,1
17,2,28,183,166,3,0
2,3,29,23,510,0,1
17,2,27,131,100,0,0
0,3,25,3,0,0,1
0,3,29,3,0,0,1
18,2,21,182,81,3,0
0,3,26,5,0,0,1
2,3,30,3,540,0,1
2,3,30,3,750,0,1
0,3,30,3,0,0,1
2,3,25,3,570,0,1
0,3,32,3,0,0,1
2,3,26,3,750,0,1
0,3,28,3,0,0,1
0,3,27,3,0,0,1
17,2,39,204,193,1,0
14,2,37,180,252,2,0
16,2,30,178,178,0,0
21,2,23,210,249,0,0
11,2,21,125,169,1,0
25,2,29,204,282,0,0
14,2,24,214,219,0,0
0,3,32,3,0,0,1
2,3,32,3,540,0,1
24,2,20,122,202,0,0
2,3,24,3,540,0,1
11,2,37,211,244,0,0
15,2,31,226,197,0,0
21,2,26,169,251,0,0
0,3,26,3,0,0,1
0,3,25,12,0,0,1
2,3,29,3,510,0,1
2,3,30,3,720,0,1
0,3,27,3,0,0,1
19,2,30,180,185,0,0
16,2,24,190,213,0,0
11,2,32,162,120,3,0
11,2,20,221,210,0,0
2,3,27,3,510,0,1
17,2,30,138,214,0,0
2,3,33,3,750,0,1
2,3,30,3,540,0,1
15,2,32,183,170,0,0
0,3,29,3,0,0,1
0,3,26,3,0,0,1
0,3,26,3,0,0,1
15,2,36,120,80,0,0
13,2,35,210,258,0,0
0,3,30,3,0,0,1
25,2,20,163,141,3,0
24,2,41,134,111,0,0
0,3,28,3,0,0,1
0,3,30,3,0,0,1
13,2,39,157,134,0,0
0,3,33,3,0,0,1
24,2,42,121,266,0,0
13,2,40,238,267,0,0
2,3,33,3,780,0,1
10,2,29,144,160,0,0
19,2,39,203,137,0,0
2,3,36,3,720,0,1
2,3,29,3,540,0,1
10,2,20,221,282,0,0
23,2,24,215,242,0,0
18,2,22,157,157,0,0
2,3,37,3,720,0,1
12,2,32,115,212,0,0
2,3,26,3,540,0,1
18,2,30,181,199,0,0
10,2,24,117,241,0,0
22,2,31,195,196,0,0
15,2,21,210,133,0,0
0,3,34,3,0,0,1
18,2,20,119,240,0,0
10,2,36,138,77,0,0
2,3,30,3,510,0,1
14,2,33,197,78,0,0
0,3,27,3,0,0,1
0,3,27,3,0,0,1
0,3,24,27,0,0,1
15,2,25,152,239,3,0
2,3,25,3,750,0,1
14,2,30,218,220,0,0
14,2,21,123,284,2,0
2,3,26,3,570,0,1
22,2,33,227,121,0,0
12,2,30,188,96,3,0
21,2,39,191,270,0,0
17,2,42,217,77,0,0
24,2,40,113,162,0,0
18,2,36,166,142,0,0
2,3,31,3,480,0,1
16,2,26,222,280,0,0
21,2,35,117,228,0,0
18,2,42,237,130,0,0
2,3,27,3,720,0,1
0,3,33,3,0,0,1
0,3,24,3,0,0,1
0,3,30,3,0,0,1
2,3,25,3,510,0,1
19,2,38,232,251,0,0
2,3,22,16,510,0,1
15,2,29,161,219,0,0
2,3,26,3,540,0,1
2,3,26,19,510,0,1
23,2,38,150,116,3,0
2,3,25,3,480,0,1
2,3,32,3,510,0,1
23,2,28,154,239,0,0
23,2,30,166,219,0,0
0,3,30,3,0,0,1
2,3,26,4,480,0,1
20,2,26,185,256,0,0
19,2,22,215,130,0,0
14,2,37,194,249,0,0
2,3,34,3,570,0,1
0,3,25,3,0,0,1
24,2,27,226,247,0,0
10,2,26,203,192,0,0
15,2,28,173,189,0,0
12,2,42,194,170,0,0
0,3,26,3,0,0,1
10,2,30,194,176,0,0
0,3,26,3,0,0,1
10,2,20,223,181,0,0
0,3,26,3,0,0,1
18,2,33,238,252,0,0
23,2,33,160,202,0,0
2,3,28,3,540,0,1
12,2,35,191,171,0,0
17,2,34,173,191,0,0
10,2,40,181,177,0,0
2,3,28,3,540,0,1
16,2,32,181,168,0,0
0,3,27,3,0,0,1
2,3,26,74,540,0,1
2,3,30,3,750,0,1
13,2,35,199,177,0,0
16,2,27,117,143,0,0
21,2,39,129,135,0,0
19,2,20,178,197,0,0
16,2,22,231,279,0,0
2,3,24,3,540,0,1
0,3,29,46,0,0,1
14,2,24,227,238,0,0
16,2,28,236,277,0,0
2,3,25,3,540,0,1
2,3,27,3,540,0,1
18,2,41,167,243,2,0
16,2,25,187,273,0,0
2,3,28,3,540,0,1
23,2,28,209,109,1,0
0,3,27,3,0,0,1
2,3,32,3,750,0,1
0,3,28,3,0,0,1
15,2,21,222,283,0,0
22,2,41,226,240,0,0
0,3,30,3,0,0,1
2,3,29,3,540,0,1
11,2,20,199,157,0,0
0,3,24,3,0,0,1
21,2,28,198,120,3,0
25,2,34,115,114,0,0
2,3,35,3,600,0,1
11,2,42,169,274,0,0
11,2,22,128,254,0,0
19,2,28,193,104,0,0
0,3,23,3,0,0,1
13,2,27,237,136,0,0
24,2,32,205,109,0,0
19,2,42,168,125,0,0
10,2,28,176,212,0,0
9,2,36,176,274,0,0
25,2,36,148,228,0,0
25,2,29,143,230,1,0
2,3,30,3,510,0,1
23,2,40,213,211,0,0
0,3,23,3,0,0,1
2,3,27,3,720,0,1
24,2,40,178,198,0,0
16,2,28,147,260,0,0
21,2,39,136,157,1,0
2,3,34,3,570,0,1
0,3,31,3,0,0,1
18,2,28,151,196,0,0
2,3,31,3,540,0,1
16,2,25,197,231,0,0
10,2,20,164,87,0,0
0,3,28,3,0,0,1
2,3,27,3,750,0,1
13,2,24,122,251,0,0
19,2,21,151,202,3,0
0,3,29,3,0,0,1
10,2,33,214,225,0,0
2,3,30,3,510,0,1
9,2,36,187,245,0,0
17,2,29,127,280,0,0
2,3,25,3,480,0,1
16,2,33,112,283,0,0
2,3,32,3,510,0,1
0,3,28,3,0,0,1
8,2,30,109,222,1,0
0,3,30,3,0,0,1
2,3,27,3,510,0,1
20,2,21,187,185,0,0
12,2,42,124,121,0,0
0,3,36,3,0,0,1
10,2,26,234,114,0,0
13,2,32,147,114,1,0
25,2,27,115,281,0,0
0,3,32,3,0,0,1
22,2,24,201,239,1,0
21,2,26,210,132,0,0
2,3,33,22,540,0,1
12,2,28,166,173,1,0
11,2,37,117,241,0,0
17,2,32,184,206,0,0
25,2,27,166,150,0,0
19,2,32,166,125,0,0
0,3,28,3,0,0,1
14,2,42,230,130,0,0
19,2,40,216,157,0,0
0,3,30,3,0,0,1
17,2,30,172,171,0,0
2,3,35,28,600,0,1
0,3,28,3,0,0,1
0,3,30,15,0,0,1
2,3,25,3,720,0,1
0,3,23,3,0,0,1
0,3,29,3,0,0,1
2,3,25,3,750,0,1
0,3,31,3,0,0,1
22,2,30,198,276,1,0
21,2,38,233,263,0,0
2,3,26,3,750,0,1
2,3,28,3,720,0,1
15,2,42,145,81,0,0
12,2,38,229,166,2,0
16,2,24,147,235,0,0
0,3,27,3,0,0,1
21,2,39,176,155,0,0
24,2,22,134,244,1,0
18,2,37,118,105,0,0
0,3,27,3,0,0,1
13,2,36,136,236,0,0
2,3,27,3,750,0,1
13,2,30,145,203,0,0
12,2,32,160,195,2,0
2,3,26,3,510,0,1
19,2,35,225,163,0,0
2,3,27,3,750,0,1
2,3,29,3,540,0,1
23,2,39,173,285,2,0
0,3,29,3,0,0,1
2,3,30,3,900,0,1
23,2,24,190,260,0,0
24,2,24,184,225,0,0
14,2,38,185,128,0,0
2,3,30,3,510,0,1
0,3,28,3,0,0,1
0,3,31,3,0,0,1
2,3,31,3,750,0,1
25,2,42,139,240,0,0
2,3,31,3,720,0,1
24,2,33,171,193,0,0
0,3,30,3,0,0,1
20,2,24,206,218,0,0
0,3,25,3,0,0,1
21,2,21,153,138,0,0
2,3,30,3,600,0,1
2,3,32,3,540,0,1
2,3,27,3,540,0,1
2,3,25,3,720,0,1
17,2,25,202,280,0,0
0,3,38,3,0,0,1
16,2,23,138,130,0,0
23,2,31,190,199,0,0
18,2,20,232,169,0,0
2,3,27,26,540,0,1
25,2,34,190,78,0,0
0,3,28,3,0,0,1
22,2,27,179,198,0,0
18,2,35,136,159,0,0
2,3,25,12,510,0,1
22,2,27,233,120,0,0
0,3,25,10,0,0,1
2,3,23,3,570,0,1
18,2,25,120,124,0,0
0,3,26,3,0,0,1
0,3,34,3,0,0,1
0,3,23,3,0,0,1
21,2,31,181,124,0,0
22,2,34,129,265,0,0
0,3,30,3,0,0,1
2,3,24,3,720,0,1
0,3,31,3,0,0,1
16,2,31,179,180,0,0
0,3,34,3,0,0,1
2,3,31,3,930,0,1
0,3,26,3,0,0,1
2,3,24,3,540,0,1
2,3,32,3,750,0,1
0,3,24,3,0,0,1
2,3,26,3,540,0,1
0,3,32,3,0,0,1
0,3,29,3,0,0,1
0,3,31,3,0,0,1
2,3,26,3,510,0,1
0,3,24,3,0,0,1
11,2,21,151,177,0,0
22,2,21,232,164,3,0
15,2,39,219,156,0,0
2,3,34,3,750,0,1
2,3,25,3,750,0,1
18,2,29,167,173,0,0
13,2,27,187,160,0,0
0,3,24,3,0,0,1
2,3,33,3,750,0,1
0,3,30,3,0,0,1
2,3,29,46,510,0,1
10,2,36,136,227,3,0
2,3,28,3,540,0,1
0,3,27,3,0,0,1
15,2,31,135,222,3,0
0,3,31,3,0,0,1
19,2,22,132,201,0,0
22,2,34,143,231,0,0
13,2,23,135,200,3,0
2,3,27,3,540,0,1
2,3,26,3,510,0,1
23,2,39,151,116,0,0
18,2,39,119,285,0,0
0,3,29,3,0,0,1
0,3,26,3,0,0,1
0,3,28,19,0,0,1
2,3,22,15,480,0,1
2,3,25,3,570,0,1
9,2,41,138,286,0,0
13,2,39,181,257,0,0
25,2,32,134,192,0,0
23,2,23,209,166,0,0
21,2,25,233,264,2,0
11,2,37,183,164,3,0
16,2,31,173,194,0,0
18,2,39,216,129,3,0
22,2,38,129,117,0,0
0,3,28,3,0,0,1
2,3,30,3,540,0,1
2,3,27,3,750,0,1
10,2,36,161,116,0,0
22,2,32,174,85,0,0
14,2,31,165,182,0,0
2,3,29,3,540,0,1
0,3,21,14,0,0,1
17,2,23,201,142,0,0
10,2,39,164,206,0,0
21,2,20,141,208,0,0
25,2,37,159,238,0,0
2,3,29,3,720,0,1
18,2,33,115,77,0,0
16,2,42,198,148,0,0
15,2,38,176,101,2,0
0,3,26,3,0,0,1
22,2,42,218,100,0,0
21,2,27,137,269,0,0
23,2,20,136,125,0,0
0,3,25,3,0,0,1
10,2,36,201,193,0,0
19,2,28,191,178,0,0
0,3,22,3,0,0,1
16,2,34,188,167,0,0
11,2,24,135,134,0,0
0,3,31,3,0,0,1
2,3,28,3,510,0,1
15,2,28,204,110,0,0
19,2,32,174,181,0,0
24,2,40,229,203,0,0
18,2,31,168,170,2,0
0,3,28,3,0,0,1
24,2,26,181,239,0,0
2,3,29,3,540,0,1
2,3,32,3,510,0,1
0,3,30,3,0,0,1
25,2,21,138,218,0,0
0,3,31,9,0,0,1
2,3,32,3,720,0,1
18,2,30,174,98,2,0
0,3,32,3,0,0,1
16,2,25,152,147,0,0
0,3,31,3,0,0,1
2,3,28,3,510,0,1
2,3,31,3,930,0,1
16,2,32,219,179,0,0
2,3,28,3,540,0,1
0,3,29,3,0,0,1
15,2,23,121,105,0,0
0,3,28,3,0,0,1
13,2,28,219,251,0,0
15,2,41,180,209,0,0
13,2,24,179,111,0,0
0,3,35,3,0,0,1
2,3,31,3,540,0,1
25,2,27,211,185,0,0
16,2,40,181,185,0,0
9,2,29,201,135,0,0
24,2,32,226,281,0,0
14,2,33,157,156,2,0
17,2,24,228,140,0,0
17,2,40,229,248,0,0
25,2,34,154,209,0,0
0,3,27,3,0,0,1
17,2,22,167,183,2,0
0,3,30,3,0,0,1
25,2,26,224,268,0,0
24,2,36,199,158,0,0
2,3,28,3,510,0,1
17,2,33,172,189,2,0
23,2,39,199,281,1,0
0,3,29,3,0,0,1
18,2,22,174,90,0,0
15,2,38,202,267,0,0
20,2,33,189,181,3,0
17,2,41,124,165,1,0
0,3,28,3,0,0,1
19,2,26,201,179,0,0
17,2,32,206,123,0,0
0,3,27,3,0,0,1
2,3,30,3,540,0,1
0,3,27,3,0,0,1
2,3,29,3,750,0,1
11,2,29,210,145,0,0
0,3,28,3,0,0,1
0,3,24,3,0,0,1
0,3,33,3,0,0,1
0,3,27,3,0,0,1
19,2,40,227,85,1,0
17,2,24,126,282,0,0
0,3,28,3,0,0,1
2,3,27,3,750,0,1
25,2,37,134,218,0,0
0,3,29,3,0,0,1
0,3,25,52,0,0,1
14,2,41,186,129,0,0
12,2,41,117,281,3,0
2,3,31,3,480,0,1
25,2,34,203,246,1,0
11,2,41,129,231,0,0
2,3,28,3,540,0,1
0,3,33,3,0,0,1
2,3,23,3,510,0,1
0,3,29,3,0,0,1
0,3,28,3,0,0,1
0,3,29,3,0,0,1
0,3,28,3,0,0,1
17,2,26,156,222,0,0
17,2,39,154,115,0,0
17,2,28,116,226,0,0
2,3,29,3,540,0,1
2,3,29,21,750,0,1
0,3,27,6,0,0,1
10,2,25,191,252,0,0
2,3,26,3,510,0,1
15,2,42,219,202,0,0
9,2,21,163,204,0,0
19,2,38,136,151,0,0
22,2,38,234,105,0,0
2,3,32,3,960,0,1
16,2,22,215,212,0,0
0,3,21,3,0,0,1
21,2,32,175,233,0,0
20,2,26,167,231,0,0
0,3,26,3,0,0,1
21,2,24,216,140,0,0
0,3,23,3,0,0,1
0,3,30,3,0,0,1
11,2,35,222,235,0,0
18,2,22,130,121,1,0
10,2,40,189,159,0,0
0,3,31,3,0,0,1
18,2,31,173,180,0,0
22,2,27,150,187,0,0
9,2,23,238,83,0,0
19,2,29,206,160,0,0
0,3,27,3,0,0,1
0,3,22,3,0,0,1
2,3,26,3,510,0,1
0,3,26,3,0,0,1
0,3,27,3,0,0,1
0,3,31,3,0,0,1
22,2,23,125,244,0,0
25,2,42,220,121,0,0
9,2,28,146,103,0,0
21,2,27,196,225,0,0
10,2,42,171,191,0,0
2,3,31,3,570,0,1
20,2,23,153,287,0,0
0,3,29,3,0,0,1
23,2,30,114,107,0,0
2,3,31,3,510,0,1
2,3,28,3,720,0,1
18,2,32,198,137,3,0
15,2,21,200,285,0,0
16,2,28,148,120,2,0
21,2,22,201,249,1,0
0,3,26,3,0,0,1
0,3,30,3,0,0,1
2,3,29,3,750,0,1
0,3,30,3,0,0,1
14,2,36,126,228,0,0
18,2,32,197,198,0,0
16,2,22,220,118,0,0
16,2,42,178,182,0,0
0,3,31,3,0,0,1
18,2,23,133,262,0,0
2,3,29,3,540,0,1
24,2,28,129,194,0,0
15,2,40,153,282,0,0
2,3,27,3,540,0,1
0,3,31,3,0,0,1
2,3,30,3,540,0,1
9,2,33,183,255,0,0
2,3,26,3,540,0,1
17,2,42,207,233,0,0
12,2,27,170,171,2,0
0,3,25,3,0,0,1
2,3,25,3,540,0,1
0,3,28,3,0,0,1
20,2,34,127,109,0,0
24,2,41,126,167,3,0
0,3,25,3,0,0,1
19,2,32,155,218,0,0
2,3,27,3,750,0,1
24,2,21,199,137,0,0
0,3,31,3,0,0,1
24,2,24,215,204,0,0
2,3,27,3,540,0,1
25,2,33,237,245,0,0
2,3,35,3,600,0,1
2,3,26,3,750,0,1
18,2,30,189,197,0,0
0,3,36,3,0,0,1
13,2,42,218,202,0,0
0,3,27,3,0,0,1
0,3,28,3,0,0,1
0,3,30,3,0,0,1
2,3,26,3,510,0,1
18,2,29,168,167,0,0
13,2,36,179,92,1,0
2,3,33,3,540,0,1
12,2,29,193,269,3,0
18,2,24,129,117,0,0
20,2,39,175,119,1,0
0,3,27,3,0,0,1
18,2,31,172,178,0,0
10,2,36,231,219,0,0
18,2,24,153,219,3,0
0,3,30,3,0,0,1
9,2,23,173,217,0,0
25,2,41,213,165,0,0
0,3,28,3,0,0,1
11,2,35,213,116,0,0
2,3,25,3,510,0,1
0,3,32,3,0,0,1
2,3,31,3,570,0,1
0,3,30,3,0,0,1
17,2,30,168,185,0,0
0,3,31,3,0,0,1
25,2,33,160,147,0,0
11,2,26,174,95,0,0
2,3,29,55,480,0,1
2,3,27,3,540,0,1
0,3,27,3,0,0,1
19,2,20,124,243,0,0
0,3,30,3,0,0,1
17,2,29,236,213,0,0
0,3,25,3,0,0,1
2,3,34,22,570,0,1
2,3,27,3,750,0,1
0,3,29,3,0,0,1
13,2,23,227,217,0,0
2,3,29,3,540,0,1
9,2,36,145,139,0,0
18,2,26,119,219,2,0
2,3,24,3,720,0,1
0,3,29,3,0,0,1
17,2,21,230,87,0,0
15,2,32,169,156,0,0
14,2,42,120,273,0,0
19,2,25,172,112,1,0
9,2,20,142,271,0,0
18,2,29,205,195,0,0
0,3,27,3,0,0,1
0,3,31,3,0,0,1
2,3,29,3,510,0,1
0,3,34,3,0,0,1
0,3,30,3,0,0,1
15,2,29,159,113,0,0
18,2,39,173,86,1,0
2,3,34,12,1020,0,1
13,2,29,163,103,0,0
22,2,30,236,141,0,0
2,3,26,3,540,0,1
0,3,26,3,0,0,1
25,2,40,224,148,0,0
20,2,24,132,175,2,0
22,2,22,199,120,0,0
2,3,31,3,570,0,1
13,2,30,114,77,0,0
0,3,29,3,0,0,1
24,2,30,176,125,0,0
22,2,20,139,123,0,0
11,2,22,138,152,0,0
16,2,30,172,206,0,0
16,2,33,122,175,0,0
0,3,31,3,0,0,1
24,2,32,202,162,3,0
14,2,36,159,256,0,0
24,2,35,152,214,0,0
0,3,32,3,0,0,1
2,3,30,3,510,0,1
21,2,25,114,145,2,0
0,3,27,3,0,0,1
2,3,26,3,540,0,1
0,3,26,3,0,0,1
2,3,30,3,750,0,1
22,2,24,113,191,0,0
25,2,32,184,166,0,0
18,2,32,153,277,0,0
0,3,33,3,0,0,1
23,2,37,223,271,2,0
15,2,23,130,112,0,0
2,3,28,3,540,0,1
2,3,24,3,720,0,1
2,3,27,3,510,0,1
23,2,30,151,133,0,0
2,3,31,27,480,0,1
15,2,32,174,182,0,0
0,3,25,3,0,0,1
0,3,28,3,0,0,1
21,2,36,221,198,0,0
24,2,33,238,196,0,0
11,2,36,230,221,0,0
0,3,29,3,0,0,1
2,3,28,4,510,0,1
2,3,26,114,540,0,1
0,3,30,3,0,0,1
14,2,31,170,131,0,0
10,2,28,191,181,0,0
25,2,42,169,196,0,0
0,3,29,3,0,0,1
20,2,33,175,203,0,0
0,3,24,3,0,0,1
0,3,27,3,0,0,1
14,2,35,202,100,0,0
2,3,28,3,540,0,1
2,3,32,3,540,0,1
16,2,30,173,155,0,0
2,3,27,3,720,0,1
24,2,40,192,247,1,0
0,3,23,3,0,0,1
2,3,25,3,510,0,1
11,2,28,228,183,3,0
22,2,24,165,227,0,0
10,2,40,112,109,2,0
14,2,30,133,145,0,0
10,2,22,150,100,0,0
0,3,26,3,0,0,1
2,3,33,3,540,0,1
18,2,29,170,225,0,0
18,2,36,217,186,0,0
2,3,28,3,540,0,1
13,2,31,196,90,2,0
11,2,37,235,180,0,0
0,3,29,3,0,0,1
2,3,32,3,510,0,1
11,2,32,134,145,2,0
0,3,25,3,0,0,1
25,2,25,160,124,0,0
9,2,26,112,145,2,0
0,3,32,3,0,0,1
15,2,32,177,195,0,0
2,3,27,3,750,0,1
16,2,37,166,213,2,0
23,2,39,148,84,0,0
2,3,25,3,510,0,1
2,3,35,18,600,0,1
13,2,25,211,195,0,0
14,2,37,198,164,3,0
24,2,41,198,187,1,0
22,2,20,221,216,0,0
11,2,23,199,116,0,0
24,2,39,201,123,2,0
20,2,39,115,193,0,0
0,3,30,3,0,0,1
22,2,42,228,248,0,0
18,2,27,198,260,0,0
2,3,30,3,540,0,1
16,2,42,116,262,0,0
0,3,21,3,0,0,1
20,2,41,217,143,0,0
15,2,39,147,270,3,0
20,2,33,200,287,0,0
16,2,28,174,214,0,0
2,3,24,3,510,0,1
2,3,29,80,510,0,1
2,3,35,3,600,0,1
20,2,38,162,237,0,0
0,3,27,3,0,0,1
2,3,26,3,510,0,1
0,3,24,3,0,0,1
19,2,36,155,261,0,0
2,3,26,3,510,0,1
2,3,23,3,690,0,1
17,2,32,177,186,0,0
12,2,42,141,167,2,0
25,2,37,146,219,0,0
10,2,28,224,83,2,0
0,3,24,3,0,0,1
12,2,23,191,154,0,0
11,2,36,213,141,0,0
0,3,27,3,0,0,1
18,2,20,209,152,0,0
2,3,27,3,510,0,1
21,2,27,142,276,0,0
0,3,29,3,0,0,1
19,2,42,221,108,0,0
10,2,32,149,142,0,0
0,3,29,3,0,0,1
2,3,26,3,540,0,1
18,2,26,160,106,0,0
0,3,27,42,0,0,1
20,2,40,122,261,0,0
18,2,24,189,137,0,0
20,2,31,211,278,2,0
0,3,26,12,0,0,1
0,3,27,3,0,0,1
2,3,30,3,510,0,1
24,2,38,214,173,0,0
17,2,29,169,184,0,0
2,3,37,3,660,0,1
2,3,34,3,570,0,1
2,3,27,3,510,0,1
20,2,24,175,261,0,0
0,3,27,3,0,0,1
0,3,30,3,0,0,1
25,2,28,140,231,0,0
14,2,29,177,77,1,0
2,3,25,3,510,0,1
14,2,27,213,217,0,0
25,2,29,140,115,3,0
20,2,21,221,203,0,0
2,3,27,3,750,0,1
2,3,25,3,510,0,1
24,2,27,141,112,3,0
19,2,27,193,159,0,0
11,2,24,233,246,2,0
9,2,30,195,114,0,0
22,2,29,137,213,0,0
12,2,40,196,287,0,0
0,3,24,3,0,0,1
2,3,27,3,720,0,1
24,2,22,146,224,0,0
2,3,26,5,510,0,1
12,2,24,218,270,0,0
0,3,34,3,0,0,1
24,2,30,191,143,0,0
0,3,32,3,0,0,1
13,2,21,126,264,0,0
0,3,28,3,0,0,1
10,2,24,184,163,0,0
2,3,25,3,510,0,1
0,3,29,3,0,0,1
2,3,31,3,480,0,1
22,2,26,231,178,2,0
0,3,27,3,0,0,1
25,2,20,225,88,0,0
25,2,35,216,191,3,0
0,3,24,3,0,0,1
0,3,25,3,0,0,1
0,3,31,3,0,0,1
10,2,35,155,213,0,0
16,2,24,152,184,0,0
12,2,21,210,225,0,0
0,3,36,3,0,0,1
2,3,31,3,930,0,1
0,3,29,3,0,0,1
0,3,28,3,0,0,1
13,2,21,157,89,0,0
23,2,35,164,117,0,0
9,2,27,190,268,0,0
9,2,30,186,189,0,0
16,2,33,237,262,0,0
0,3,28,3,0,0,1
2,3,30,3,450,0,1
0,3,28,3,0,0,1
2,3,24,3,720,0,1
18,2,31,195,247,0,0
20,2,38,212,230,0,0
11,2,24,208,150,0,0
11,2,26,129,82,0,0
0,3,34,3,0,0,1
24,2,40,194,252,0,0
0,3,25,3,0,0,1
10,2,41,195,269,3,0
0,3,35,3,0,0,1
23,2,39,186,110,0,0
2,3,33,3,720,0,1
0,3,29,3,0,0,1
2,3,29,37,510,0,1
2,3,28,12,840,0,1
2,3,28,3,570,0,1
2,3,24,3,540,0,1
12,2,42,130,213,0,0
24,2,32,174,200,0,0
0,3,26,3,0,0,1
0,3,28,3,0,0,1
18,2,42,223,266,1,0
0,3,33,3,0,0,1
25,2,20,134,128,0,0
0,3,29,3,0,0,1
24,2,29,223,84,2,0
15,2,41,183,256,0,0
0,3,31,3,0,0,1
14,2,28,151,163,0,0
0,3,25,12,0,0,1
0,3,35,3,0,0,1
12,2,26,220,195,0,0
9,2,24,120,94,0,0
0,3,29,3,0,0,1
24,2,35,142,279,0,0
24,2,34,237,277,0,0
23,2,20,159,120,2,0
2,3,26,3,750,0,1
12,2,35,212,180,0,0
0,3,30,3,0,0,1
16,2,24,112,185,0,0
2,3,34,3,570,0,1
12,2,21,160,84,0,0
2,3,30,3,540,0,1
0,3,26,3,0,0,1
2,3,28,3,750,0,1
0,3,27,3,0,0,1
14,2,28,215,220,0,0
0,3,31,7,0,0,1
24,2,21,221,208,0,0
18,2,32,172,176,0,0
13,2,25,154,189,0,0
14,2,34,220,196,1,0
19,2,30,150,125,2,0
24,2,26,129,273,0,0
0,3,27,3,0,0,1
0,3,30,3,0,0,1
0,3,23,3,0,0,1
2,3,30,3,510,0,1
0,3,23,3,0,0,1
14,2,26,153,187,0,0
19,2,35,112,152,0,0
19,2,42,162,84,0,0
11,2,26,217,223,0,0
0,3,28,3,0,0,1
0,3,25,3,0,0,1
0,3,25,3,0,0,1
15,2,29,123,284,0,0
15,2,38,175,220,2,0
0,3,28,3,0,0,1
2,3,27,56,510,0,1
0,3,33,3,0,0,1
15,2,20,193,93,0,0
0,3,27,28,0,0,1
2,3,27,3,540,0,1
11,2,39,208,234,0,0
18,2,30,175,256,0,0
25,2,40,184,210,0,0
18,2,26,167,132,0,0
18,2,32,178,166,0,0
24,2,26,118,123,0,0
16,2,33,166,182,0,0
0,3,25,3,0,0,1
17,2,29,189,201,0,0
25,2,36,114,153,0,0
23,2,33,116,245,3,0
22,2,27,120,205,2,0
15,2,32,169,180,0,0
11,2,36,194,207,0,0
0,3,28,38,0,0,1
22,2,32,131,77,2,0
0,3,27,3,0,0,1
0,3,29,3,0,0,1
21,2,38,211,239,2,0
14,2,42,202,153,0,0
2,3,32,3,510,0,1
12,2,33,134,234,0,0
0,3,23,3,0,0,1
15,2,27,142,142,0,0
2,3,28,10,510,0,1
10,2,21,119,150,0,0
0,3,25,3,0,0,1
21,2,38,222,146,0,0
2,3,25,3,570,0,1
16,2,35,204,248,0,0
2,3,30,3,510,0,1
11,2,26,152,136,0,0
15,2,20,170,226,3,0
22,2,33,230,270,0,0
17,2,29,163,169,0,0
2,3,30,3,900,0,1
0,3,30,3,0,0,1
0,3,24,3,0,0,1
24,2,31,174,183,2,0
10,2,30,235,127,0,0
20,2,35,263,203,0,0
2,3,26,3,750,0,1
0,3,27,3,0,0,1
0,3,29,3,0,0,1
21,2,38,233,159,0,0
0,3,26,3,0,0,1
0,3,27,3,0,0,1
0,3,25,3,0,0,1
0,3,31,3,0,0,1
24,2,33,188,260,0,0
25,2,27,164,223,3,0
2,3,27,4,720,0,1
10,2,30,148,88,0,0
2,3,36,38,630,0,1
22,2,42,229,228,0,0
2,3,26,3,750,0,1
12,2,28,155,147,0,0
16,2,32,177,199,0,0
12,2,35,161,117,0,0
0,3,25,4,0,0,1
0,3,27,3,0,0,1
18,2,21,114,236,0,0
15,2,28,112,197,0,0
13,2,28,168,147,2,0
2,3,33,3,540,0,1
2,3,25,3,480,0,1
0,3,32,3,0,0,1
2,3,31,3,510,0,1
0,3,26,3,0,0,1
0,3,29,3,0,0,1
0,3,27,3,0,0,1
0,3,28,3,0,0,1
2,3,28,3,540,0,1
10,2,35,144,121,0,0
20,2,32,229,281,3,0
2,3,36,3,630,0,1
2,3,29,5,480,0,1
0,3,33,3,0,0,1
18,2,40,201,164,0,0
19,2,29,173,188,0,0
2,3,27,3,510,0,1
15,2,26,135,196,0,0
0,3,31,3,0,0,1
0,3,30,3,0,0,1
0,3,26,3,0,0,1
2,3,26,3,510,0,1
10,2,29,128,205,0,0
9,2,34,114,243,0,0
18,2,23,237,270,0,0
2,3,32,3,510,0,1
2,3,28,3,540,0,1
25,2,33,165,167,0,0
12,2,28,114,181,2,0
22,2,29,120,132,0,0
9,2,20,229,129,3,0
14,2,23,119,125,0,0
10,2,32,178,103,2,0
13,2,24,216,223,0,0
13,2,23,157,201,0,0
24,2,41,157,77,0,0
25,2,21,192,172,0,0
2,3,32,3,510,0,1
2,3,33,44,540,0,1
15,2,36,197,151,0,0
19,2,23,140,237,0,0
2,3,28,3,750,0,1
16,2,31,171,208,0,0
2,3,28,3,540,0,1
0,3,33,3,0,0,1
13,2,40,229,156,0,0
12,2,42,216,190,3,0
0,3,31,3,0,0,1
11,2,26,136,103,0,0
0,3,32,3,0,0,1
0,3,33,3,0,0,1
21,2,41,113,188,2,0
16,2,38,194,130,0,0
2,3,28,3,510,0,1
23,2,21,236,212,0,0
0,3,28,3,0,0,1
21,2,41,189,80,0,0
15,2,31,202,254,0,0
15,2,28,157,141,2,0
2,3,26,3,540,0,1
18,2,33,170,273,0,0
2,3,27,3,510,0,1
12,2,37,145,122,0,0
21,2,42,184,156,0,0
0,3,27,3,0,0,1
11,2,41,132,158,0,0
19,2,32,173,159,0,0
23,2,35,177,207,0,0
2,3,26,3,510,0,1
2,3,27,3,750,0,1
20,2,32,228,150,2,0
2,3,28,6,720,0,1
25,2,35,226,180,0,0
14,2,37,218,236,0,0
16,2,23,230,84,0,0
2,3,28,3,510,0,1
17,2,30,186,166,0,0
13,2,24,224,258,0,0
2,3,28,3,750,0,1
15,2,26,158,191,2,0
2,3,35,3,1050,0,1
20,2,26,122,124,0,0
25,2,38,211,170,0,0
13,2,28,136,213,1,0
0,3,33,3,0,0,1
14,2,25,215,254,1,0
12,2,21,198,206,0,0
16,2,24,166,207,0,0
0,3,29,3,0,0,1
0,3,30,3,0,0,1
14,2,39,148,250,0,0
0,3,26,3,0,0,1
9,2,29,141,234,0,0
0,3,27,3,0,0,1
10,2,37,138,113,0,0
12,2,23,118,79,0,0
14,2,42,206,104,0,0
2,3,34,3,570,0,1
2,3,29,3,540,0,1
0,3,24,3,0,0,1
2,3,36,3,630,0,1
2,3,29,3,720,0,1
17,2,30,180,184,0,0
23,2,35,178,170,2,0
11,2,36,132,78,0,0
14,2,33,124,232,2,0
2,3,22,11,510,0,1
9,2,35,191,119,0,0
0,3,29,3,0,0,1
0,3,28,3,0,0,1
16,2,38,130,226,0,0
2,3,36,3,630,0,1
20,2,20,125,286,0,0
22,2,24,137,236,0,0
0,3,27,3,0,0,1
2,3,30,3,750,0,1
14,2,27,175,164,3,0
0,3,26,3,0,0,1
2,3,29,3,750,0,1
2,3,25,4,510,0,1
21,2,20,214,229,0,0
14,2,23,192,288,0,0
11,2,27,190,237,0,0
0,3,28,3,0,0,1
0,3,30,15,0,0,1
2,3,24,3,600,0,1
0,3,27,3,0,0,1
16,2,31,175,182,0,0
25,2,37,183,233,0,0
21,2,23,161,186,0,0
0,3,24,3,0,0,1
22,2,21,150,114,0,0
24,2,41,184,206,0,0
17,2,42,126,219,0,0
2,3,36,3,630,0,1
0,3,31,3,0,0,1
2,3,28,5,720,0,1
0,3,26,3,0,0,1
0,3,29,3,0,0,1
0,3,25,3,0,0,1
0,3,29,3,0,0,1
10,2,30,197,193,1,0
23,2,29,127,147,0,0
0,3,25,3,0,0,1
18,2,22,204,233,0,0
17,2,29,227,132,0,0
24,2,39,182,158,0,0
20,2,20,117,259,0,0
10,2,30,182,167,0,0
0,3,30,3,0,0,1
0,3,25,3,0,0,1
11,2,40,188,231,0,0
2,3,35,20,600,0,1
2,3,26,3,570,0,1
15,2,21,139,219,0,0
9,2,33,203,141,0,0
0,3,33,3,0,0,1
23,2,30,230,148,0,0
20,2,42,160,152,3,0
0,3,27,3,0,0,1
0,3,25,3,0,0,1
11,2,37,173,159,0,0
0,3,32,3,0,0,1
2,3,30,3,510,0,1
2,3,33,3,990,0,1
0,3,29,3,0,0,1
2,3,27,3,540,0,1
17,2,32,160,119,0,0
20,2,31,171,153,0,0
11,2,40,128,277,0,0
18,2,22,133,185,1,0
19,2,42,196,80,0,0
2,3,26,3,720,0,1
24,2,41,181,177,0,0
19,2,34,186,92,0,0
16,2,42,223,142,0,0
21,2,21,179,283,0,0
11,2,32,169,91,0,0
2,3,28,3,480,0,1
19,2,20,175,129,0,0
0,3,28,3,0,0,1
15,2,29,231,96,0,0
12,2,38,180,256,3,0
10,2,25,182,126,0,0
0,3,27,3,0,0,1
0,3,26,3,0,0,1
2,3,24,3,720,0,1
2,3,29,3,540,0,1
0,3,31,3,0,0,1
19,2,21,205,85,2,0
0,3,27,3,0,0,1
2,3,33,3,990,0,1
11,2,38,148,272,0,0
14,2,40,172,124,0,0
17,2,32,164,167,0,0
2,3,29,3,540,0,1
0,3,32,3,0,0,1
2,3,32,3,570,0,1
16,2,36,202,201,0,0
0,3,24,3,0,0,1
0,3,27,3,0,0,1
12,2,27,174,184,0,0
12,2,32,206,204,0,0
9,2,26,236,278,0,0
2,3,25,3,750,0,1
0,3,25,3,0,0,1
15,2,40,197,156,0,0
22,2,39,194,208,0,0
12,2,30,181,286,0,0
23,2,22,114,96,0,0
25,2,42,224,206,0,0
20,2,28,145,266,3,0
0,3,24,3,0,0,1
2,3,35,3,600,0,1
21,2,26,188,177,0,0
14,2,24,189,208,0,0
19,2,26,186,190,0,0
2,3,36,3,630,0,1
18,2,34,125,220,0,0
12,2,22,208,95,0,0
16,2,22,225,83,0,0
0,3,25,13,0,0,1
19,2,39,155,126,1,0
21,2,40,112,102,0,0
2,3,27,3,540,0,1
0,3,29,3,0,0,1
19,2,40,233,258,0,0
2,3,27,3,510,0,1
21,2,30,167,277,0,0
10,2,26,123,110,0,0
2,3,37,3,660,0,1
0,3,32,3,0,0,1
0,3,25,3,0,0,1
0,3,25,3,0,0,1
18,2,36,187,248,2,0
2,3,28,3,570,0,1
0,3,28,3,0,0,1
19,2,34,166,104,0,0
2,3,23,3,510,0,1
22,2,42,201,160,0,0
25,2,25,227,90,3,0
24,2,30,228,88,0,0
16,2,21,205,218,0,0
23,2,40,149,101,0,0
12,2,31,199,247,3,0
2,3,29,3,510,0,1
0,3,34,3,0,0,1
11,2,38,175,228,2,0
15,2,30,214,126,0,0
2,3,30,3,540,0,1
9,2,40,125,141,0,0
10,2,31,229,286,0,0
0,3,32,3,0,0,1
19,2,37,157,148,0,0
17,2,30,122,136,0,0
0,3,29,3,0,0,1
11,2,41,149,263,0,0
12,2,41,174,244,0,0
9,2,26,221,200,0,0
0,3,34,3,0,0,1
0,3,29,3,0,0,1
17,2,36,172,231,0,0
25,2,30,204,231,0,0
0,3,31,3,0,0,1
2,3,33,3,720,0,1
18,2,42,234,216,0,0
2,3,31,3,600,0,1
2,3,31,3,930,0,1
22,2,26,192,251,0,0
0,3,35,3,0,0,1
20,2,30,114,154,0,0
12,2,37,232,157,0,0
0,3,27,3,0,0,1
18,2,38,234,278,0,0
2,3,32,3,540,0,1
13,2,22,196,275,0,0
25,2,35,166,155,0,0
0,3,24,3,0,0,1
16,2,31,179,178,0,0
0,3,29,3,0,0,1
2,3,27,3,480,0,1
0,3,27,3,0,0,1
15,2,30,130,84,0,0
24,2,25,167,167,0,0
2,3,28,3,540,0,1
15,2,35,166,209,0,0
14,2,39,221,149,0,0
23,2,29,227,258,0,0
24,2,23,219,116,3,0
23,2,25,176,202,0,0
0,3,25,3,0,0,1
18,2,32,113,166,3,0
2,3,30,8,720,0,1
13,2,28,221,152,0,0
23,2,40,225,273,1,0
0,3,26,3,0,0,1
2,3,25,48,540,0,1
9,2,36,183,143,0,0
2,3,28,3,510,0,1
13,2,33,125,88,3,0
21,2,21,212,139,0,0
24,2,25,224,200,0,0
10,2,38,161,123,3,0
0,3,29,3,0,0,1
0,3,30,3,0,0,1
17,2,40,114,121,0,0
0,3,30,3,0,0,1
12,2,23,160,218,0,0
0,3,29,13,0,0,1
2,3,23,3,510,0,1
13,2,42,221,258,3,0
16,2,33,181,192,1,0
9,2,37,229,227,0,0
2,3,33,3,750,0,1
14,2,22,127,136,2,0
21,2,28,237,128,0,0
24,2,26,113,101,0,0
2,3,31,3,930,0,1
0,3,27,3,0,0,1
17,2,28,224,225,0,0
2,3,26,3,510,0,1
0,3,38,3,0,0,1
0,3,27,3,0,0,1
2,3,30,3,720,0,1
0,3,23,8,0,0,1
15,2,28,201,201,0,0
2,3,26,3,510,0,1
2,3,29,3,540,0,1
18,2,34,189,288,2,0
10,2,32,136,239,0,0
11,2,35,115,275,0,0
11,2,30,200,172,0,0
2,3,29,3,540,0,1
2,3,29,3,510,0,1
15,2,42,209,181,0,0
2,3,33,3,540,0,1
2,3,36,3,630,0,1
2,3,33,3,750,0,1
10,2,28,210,125,0,0
17,2,39,125,171,1,0
24,2,41,206,114,1,0
2,3,31,3,750,0,1
0,3,27,3,0,0,1
16,2,31,177,183,0,0
23,2,23,221,222,0,0
15,2,22,236,264,0,0
0,3,32,3,0,0,1
18,2,32,169,158,0,0
21,2,21,142,145,0,0
19,2,25,170,207,2,0
9,2,42,168,208,0,0
25,2,20,233,131,0,0
0,3,36,3,0,0,1
0,3,26,3,0,0,1
0,3,29,3,0,0,1
2,3,33,3,990,0,1
0,3,29,3,0,0,1
10,2,30,182,260,0,0
11,2,31,144,220,0,0
0,3,25,3,0,0,1
0,3,24,3,0,0,1
20,2,21,161,244,0,0
0,3,27,3,0,0,1
0,3,25,3,0,0,1
9,2,26,121,150,0,0
15,2,40,137,215,2,0
12,2,27,157,147,0,0
0,3,31,3,0,0,1
20,2,28,225,140,3,0
0,3,28,3,0,0,1
2,3,33,3,990,0,1
9,2,22,212,258,0,0
22,2,29,146,229,0,0
22,2,20,203,146,0,0
2,3,32,3,540,0,1
9,2,30,214,148,2,0
2,3,22,3,660,0,1
19,2,26,178,255,0,0
19,2,31,173,197,0,0
0,3,26,3,0,0,1
0,3,32,3,0,0,1
24,2,33,232,263,0,0
0,3,23,3,0,0,1
2,3,34,3,570,0,1
0,3,29,15,0,0,1
17,2,20,126,143,0,0
16,2,30,239,188,0,0
25,2,25,135,106,0,0
0,3,28,3,0,0,1
0,3,28,3,0,0,1
15,2,42,163,272,0,0
0,3,34,3,0,0,1
2,3,29,3,600,0,1
20,2,21,238,282,0,0
0,3,27,3,0,0,1
15,2,31,234,134,3,0
24,2,42,154,253,0,0
18,2,25,182,144,0,0
18,2,34,179,209,0,0
12,2,22,136,219,0,0
14,2,34,151,165,0,0
2,3,30,26,480,0,1
20,2,28,204,96,0,0
11,2,40,207,284,0,0
2,3,29,3,750,0,1
2,3,28,3,750,0,1
20,2,35,145,200,0,0
18,2,32,169,197,0,0
2,3,27,3,750,0,1
16,2,27,193,280,2,0
24,2,26,217,282,1,0
20,2,20,207,132,1,0
16,2,39,166,118,0,0
15,2,27,119,138,0,0
10,2,25,156,184,0,0
20,2,33,115,90,0,0
17,2,20,183,111,0,0
0,3,32,3,0,0,1
16,2,33,204,200,0,0
0,3,26,4,0,0,1
2,3,28,3,540,0,1
22,2,24,202,125,0,0
0,3,32,3,0,0,1
20,2,21,165,284,0,0
9,2,34,155,230,0,0
18,2,31,183,191,0,0
14,2,36,234,225,0,0
18,2,41,149,210,0,0
2,3,31,12,510,0,1
21,2,23,160,140,0,0
18,2,22,149,276,0,0
0,3,33,3,0,0,1
2,3,31,22,930,0,1
0,3,31,3,0,0,1
20,2,35,192,244,0,0
16,2,24,166,130,0,0
2,3,24,3,540,0,1
12,2,27,125,84,1,0
0,3,26,3,0,0,1
25,2,24,210,166,0,0
10,2,22,225,103,0,0
2,3,27,3,570,0,1
11,2,31,204,185,0,0
15,2,32,154,177,0,0
2,3,30,4,510,0,1
2,3,33,3,750,0,1
0,3,25,3,0,0,1
25,2,41,125,211,1,0
0,3,31,3,0,0,1
2,3,24,3,480,0,1
2,3,32,3,510,0,1
2,3,28,3,600,0,1
17,2,31,190,217,2,0
0,3,25,3,0,0,1
0,3,27,3,0,0,1
2,3,32,3,960,0,1
2,3,27,3,510,0,1
2,3,27,26,540,0,1
2,3,24,3,480,0,1
0,3,24,8,0,0,1
19,2,34,179,272,0,0
0,3,27,3,0,0,1
19,2,41,206,219,0,0
2,3,22,3,660,0,1
16,2,42,234,122,1,0
9,2,42,128,85,0,0
25,2,34,183,160,0,0
15,2,33,154,141,0,0
0,3,30,3,0,0,1
2,3,25,3,510,0,1
11,2,22,117,252,2,0
16,2,34,151,260,0,0
0,3,24,3,0,0,1
0,3,23,3,0,0,1
2,3,27,3,480,0,1
15,2,36,232,107,0,0
11,2,29,151,92,0,0
24,2,37,131,176,3,0
21,2,27,121,103,0,0
24,2,36,112,202,0,0
0,3,28,3,0,0,1
16,2,36,210,150,2,0
0,3,26,3,0,0,1
0,3,27,3,0,0,1
2,3,28,3,750,0,1
12,2,20,224,266,0,0
2,3,28,3,510,0,1
0,3,29,3,0,0,1
2,3,32,33,720,0,1
25,2,32,145,140,0,0
22,2,32,211,228,0,0
0,3,25,3,0,0,1
2,3,27,3,540,0,1
14,2,26,129,114,0,0
2,3,32,3,540,0,1
22,2,24,195,268,0,0
0,3,24,3,0,0,1
2,3,22,3,540,0,1
16,2,34,141,164,0,0
0,3,27,22,0,0,1
25,2,33,178,197,0,0
9,2,24,214,218,0,0
18,2,30,201,272,0,0
13,2,32,128,102,0,0
18,2,20,223,162,3,0
11,2,34,170,218,0,0
0,3,26,3,0,0,1
25,2,27,160,159,0,0
0,3,27,3,0,0,1
0,3,28,3,0,0,1
16,2,26,159,149,0,0
0,3,26,3,0,0,1
9,2,36,149,226,0,0
17,2,31,171,190,0,0
10,2,31,161,237,1,0
23,2,22,120,215,0,0
2,3,27,14,510,0,1
25,2,27,153,121,0,0
13,2,33,201,206,0,0
21,2,39,123,229,0,0
12,2,34,218,108,0,0
0,3,25,3,0,0,1
19,2,23,235,273,0,0
21,2,39,124,205,0,0
20,2,30,113,288,0,0
2,3,29,3,480,0,1
0,3,23,3,0,0,1
0,3,29,3,0,0,1
19,2,27,186,151,0,0
23,2,39,145,284,0,0
11,2,39,179,279,0,0
2,3,25,3,540,0,1
2,3,26,3,540,0,1
0,3,28,3,0,0,1
14,2,33,193,111,0,0
14,2,28,138,202,0,0
13,2,36,145,114,0,0
0,3,26,3,0,0,1
0,3,27,3,0,0,1
2,3,24,18,510,0,1
2,3,30,3,510,0,1
2,3,26,3,750,0,1
2,3,33,3,540,0,1
2,3,30,37,510,0,1
11,2,21,207,238,0,0
2,3,28,3,540,0,1
2,3,34,3,720,0,1
0,3,32,3,0,0,1
14,2,36,135,284,0,0
0,3,28,3,0,0,1
24,2,29,170,255,0,0
2,4,31,34,930,0,1
19,2,34,124,104,0,0
23,2,42,182,231,0,0
16,2,41,198,240,0,0
2,3,25,3,540,0,1
2,3,28,3,540,0,1
10,2,20,226,183,1,0
0,3,26,3,0,0,1
13,2,24,124,261,0,0
25,2,24,139,228,1,0
0,3,24,3,0,0,1
2,3,31,3,480,0,1
17,2,33,112,80,1,0
17,2,29,230,200,0,0
18,2,28,201,104,0,0
22,2,33,161,213,0,0
23,2,21,136,84,0,0
15,2,24,199,241,0,0
12,2,26,112,149,0,0
2,3,28,3,720,0,1
9,2,27,142,191,0,0
22,2,23,199,264,0,0
2,3,32,3,960,0,1
0,3,28,3,0,0,1
0,3,24,3,0,0,1
10,2,27,131,154,0,0
2,3,29,3,540,0,1
2,3,31,7,480,0,1
2,3,35,3,600,0,1
9,2,28,126,94,0,0
11,2,25,121,218,1,0
2,3,30,18,510,0,1
21,2,29,227,206,0,0
18,2,32,166,167,0,0
18,2,42,135,271,0,0
21,2,35,215,159,0,0
12,2,32,234,266,0,0
2,3,29,3,510,0,1
21,2,21,114,97,0,0
20,2,41,134,261,0,0
0,3,25,3,0,0,1
0,3,31,3,0,0,1
0,3,24,3,0,0,1
18,2,38,202,77,0,0
2,3,27,3,510,0,1
0,3,27,3,0,0,1
10,2,26,172,100,0,0
22,2,40,183,192,0,0
18,2,30,171,194,0,0
25,2,28,174,283,0,0
2,3,30,3,510,0,1
22,2,41,188,136,0,0
2,3,33,3,720,0,1
20,2,41,175,138,0,0
17,2,35,181,261,1,0
0,3,24,3,0,0,1
0,3,30,3,0,0,1
2,3,33,36,990,0,1
0,3,28,3,0,0,1
0,3,25,3,0,0,1
19,2,34,168,131,0,0
2,3,27,3,540,0,1
2,3,29,3,510,0,1
18,2,36,176,180,3,0
2,3,34,3,570,0,1
0,3,30,3,0,0,1
0,3,28,3,0,0,1
10,2,35,197,108,0,0
12,2,37,196,189,0,0
18,2,33,161,182,0,0
22,2,38,192,197,0,0
2,3,27,3,540,0,1
2,3,28,3,510,0,1
0,3,28,3,0,0,1
19,2,37,238,249,0,0
2,3,28,3,750,0,1
2,3,26,52,510,0,1
2,3,37,33,1080,0,1
11,2,29,122,162,0,0
0,3,30,3,0,0,1
10,2,40,177,166,0,0
0,3,31,3,0,0,1
21,2,35,207,223,0,0
17,2,20,202,265,3,0
2,3,31,3,480,0,1
24,2,24,224,201,3,0
24,2,21,200,199,0,0
16,2,20,164,258,1,0
0,3,28,3,0,0,1
2,3,25,16,510,0,1
0,3,25,11,0,0,1
10,2,25,150,206,0,0
0,3,23,3,0,0,1
0,3,24,3,0,0,1
19,2,32,181,194,1,0
2,3,28,3,720,0,1
0,3,26,3,0,0,1
12,2,37,154,286,0,0
17,2,31,128,168,0,0
9,2,33,125,190,0,0
0,3,25,3,0,0,1
21,2,28,129,142,1,0
2,3,29,13,480,0,1
2,3,31,3,510,0,1
14,2,40,154,189,0,0
0,3,32,3,0,0,1
18,2,28,231,193,0,0
2,3,32,3,510,0,1
2,3,29,3,510,0,1
16,2,38,116,258,0,0
2,3,25,3,540,0,1
0,3,31,3,0,0,1
0,3,27,3,0,0,1
0,3,29,3,0,0,1
18,2,38,231,256,2,0
0,3,30,3,0,0,1
2,3,26,3,510,0,1
17,2,32,174,167,0,0
15,2,21,171,128,0,0
11,2,36,179,136,0,0
18,2,24,219,216,0,0
22,2,22,224,223,0,0
0,3,26,3,0,0,1
2,3,27,3,510,0,1
14,2,21,118,226,2,0
2,3,31,3,750,0,1
0,3,33,3,0,0,1
19,2,37,170,200,3,0
13,2,38,192,137,0,0
2,3,34,3,720,0,1
13,2,36,169,271,0,0
2,3,28,3,540,0,1
0,3,29,3,0,0,1
2,3,31,3,540,0,1
0,3,24,41,0,0,1
2,3,28,3,540,0,1
0,3,26,3,0,0,1
2,3,30,3,480,0,1
14,2,40,209,224,0,0
10,2,37,175,165,0,0
15,2,24,157,127,0,0
24,2,33,188,110,0,0
0,3,32,3,0,0,1
0,3,31,3,0,0,1
17,2,31,176,198,0,0
13,2,26,184,99,0,0
0,3,26,3,0,0,1
0,3,29,3,0,0,1
2,3,27,3,570,0,1
2,3,28,3,510,0,1
0,3,25,3,0,0,1
2,3,30,3,750,0,1
0,3,27,3,0,0,1
2,3,29,3,540,0,1
0,3,33,3,0,0,1
2,3,24,3,720,0,1
0,3,32,3,0,0,1
0,3,28,3,0,0,1
0,3,29,3,0,0,1
0,3,33,3,0,0,1
0,3,27,4,0,0,1
0,3,30,3,0,0,1
16,2,23,183,183,0,0
14,2,28,134,126,0,0
0,3,29,3,0,0,1
0,3,25,3,0,0,1
21,2,26,174,110,0,0
24,2,28,225,240,0,0
23,2,20,113,134,0,0
2,3,34,3,570,0,1
10,2,35,163,345,0,0
24,2,33,202,146,3,0
0,3,25,3,0,0,1
0,3,27,28,0,0,1
10,2,35,201,174,0,0
0,3,30,3,0,0,1
25,2,30,195,262,0,0
18,2,35,147,239,0,0
2,3,24,3,540,0,1
0,3,32,3,0,0,1
2,3,24,3,510,0,1
14,2,21,204,240,0,0
2,3,22,3,510,0,1
0,3,30,3,0,0,1
10,2,26,125,116,0,0
23,2,20,230,86,0,0
18,2,30,171,158,0,0
0,3,31,3,0,0,1
2,3,27,3,510,0,1
12,2,39,153,133,3,0
0,3,26,3,0,0,1
0,3,30,3,0,0,1
19,2,31,180,200,0,0
13,2,42,195,188,0,0
0,3,29,3,0,0,1
0,3,31,3,0,0,1
2,3,28,3,750,0,1
11,2,34,190,102,0,0
10,2,22,200,191,0,0
0,3,28,3,0,0,1
2,3,24,3,540,0,1
2,3,30,3,480,0,1
2,3,32,9,510,0,1
14,2,28,206,125,0,0
2,3,29,3,750,0,1
16,2,30,175,169,0,0
15,2,28,191,199,1,0
2,3,30,38,510,0,1
12,2,20,220,229,2,0
19,2,21,222,230,0,0
18,2,27,133,157,0,0
2,3,30,3,480,0,1
17,2,33,233,181,0,0
18,2,25,162,114,0,0
0,3,31,19,0,0,1
0,3,30,3,0,0,1
2,3,30,3,480,0,1
23,2,36,193,263,2,0
2,3,27,23,510,0,1
0,3,30,3,0,0,1
9,2,35,158,211,0,0
21,2,27,187,174,2,0
10,2,40,219,285,0,0
19,2,24,214,168,0,0
22,2,36,115,285,0,0
15,2,21,230,177,0,0
2,3,27,3,510,0,1
2,3,27,3,750,0,1
0,3,29,3,0,0,1
2,3,28,3,750,0,1
18,2,39,187,181,0,0
12,2,29,174,246,0,0
16,2,30,194,221,0,0
21,2,36,230,163,1,0
11,2,35,198,118,0,0
11,2,41,184,226,0,0
10,2,24,114,165,0,0
0,3,26,3,0,0,1
19,2,31,156,180,0,0
9,2,25,163,171,0,0
24,2,28,162,240,2,0
22,2,30,174,156,0,0
2,3,27,3,750,0,1
22,2,25,116,114,0,0
2,3,30,3,510,0,1
2,3,23,3,540,0,1
23,2,25,182,202,0,0
10,2,27,125,181,0,0
14,2,41,233,276,0,0
2,3,33,3,540,0,1
0,3,28,3,0,0,1
20,2,31,211,271,0,0
19,2,33,172,153,0,0
21,2,35,223,191,0,0
23,2,21,192,211,0,0
0,3,31,3,0,0,1
2,3,28,3,510,0,1
13,2,42,164,156,0,0
11,2,32,219,164,2,0
22,2,20,203,228,0,0
2,3,25,3,510,0,1
11,2,27,177,260,0,0
20,2,26,135,133,0,0
2,3,25,29,510,0,1
22,2,31,200,213,0,0
0,3,28,3,0,0,1
2,3,28,3,480,0,1
2,3,28,65,540,0,1
0,3,28,3,0,0,1
0,3,33,3,0,0,1
0,3,27,3,0,0,1
0,3,27,3,0,0,1
24,2,32,131,90,0,0
0,3,28,3,0,0,1
2,3,33,3,570,0,1
2,3,27,3,540,0,1
19,2,23,122,242,0,0
21,2,32,160,102,1,0
21,2,31,142,97,0,0
14,2,32,138,153,1,0
15,2,23,144,217,0,0
0,3,32,3,0,0,1
25,2,38,135,187,0,0
18,2,25,194,276,0,0
2,3,27,3,750,0,1
10,2,22,116,85,0,0
21,2,20,238,264,1,0
2,3,34,3,750,0,1
21,2,25,170,200,0,0
15,2,24,212,111,0,0
0,3,31,3,0,0,1
18,2,30,178,208,0,0
11,2,24,228,127,0,0
9,2,28,174,121,0,0
16,2,36,235,159,2,0
13,2,24,169,149,0,0
17,2,33,238,93,0,0
2,3,24,3,720,0,1
19,2,33,135,283,2,0
0,3,28,3,0,0,1
0,3,30,3,0,0,1
20,2,34,114,281,0,0
2,3,26,3,570,0,1
13,2,31,212,143,1,0
15,2,27,200,109,2,0
25,2,26,226,144,1,0
2,3,29,27,540,0,1
0,3,29,3,0,0,1
2,3,27,3,750,0,1
23,2,38,161,172,3,0
19,2,27,135,151,0,0
2,3,37,3,750,0,1
23,2,41,132,138,0,0
2,3,28,3,510,0,1
2,3,28,12,750,0,1